filename,type,emotion
tt_dataset/real_class0/ad-reinhardt_illustration-for-the-races-of-mankind-by-ruth-benedict-and-gene-weltfish-1944.jpg,real,0
tt_dataset/pg-fastganlite_class0/seed1344.png,pg-fastganlite,0
tt_dataset/stylegan2_class1/seed5143.png,stylegan2,1
tt_dataset/real_class1/maurice-denis_self-portrait-1916.jpg,real,1
tt_dataset/real_class1/pyotr-konchalovsky_san-angelo-1924.jpg,real,1
tt_dataset/real_class1/billy-childish_john-h-amos-2-2008.jpg,real,1
tt_dataset/pg-fastganlite_class0/seed1013.png,pg-fastganlite,0
tt_dataset/stylegan3_class0/seed3896.png,stylegan3,0
tt_dataset/real_class0/charles-francois-daubigny_cows-on-the-banks-of-the-seine-at-conflans-1876.jpg,real,0
tt_dataset/real_class1/william-merritt-chase_the-morning-news.jpg,real,1
tt_dataset/stylegan3_class0/seed3956.png,stylegan3,0
tt_dataset/real_class0/jan-matejko_alexander-jagiellon.jpg,real,0
tt_dataset/stylegan3_class1/seed7880.png,stylegan3,1
tt_dataset/pg-fastganlite_class1/seed10829.png,pg-fastganlite,1
tt_dataset/real_class0/auguste-herbin_hamburgs-port-1907.jpg,real,0
tt_dataset/real_class1/frank-stella_delaware-crossing-1967.jpg,real,1
tt_dataset/stylegan3_class0/seed4889.png,stylegan3,0
tt_dataset/real_class1/arkhip-kuindzhi_trunks-of-trees.jpg,real,1
tt_dataset/stylegan2_class0/seed3115.png,stylegan2,0
tt_dataset/real_class0/alexey-bogolyubov_baku-embankment-1861.jpg,real,0
tt_dataset/real_class0/aubrey-beardsley_a-snare-of-vintage-1.jpg,real,0
tt_dataset/real_class1/martiros-saryan_in-the-shadow-1908.jpg,real,1
tt_dataset/stylegan2_class0/seed3353.png,stylegan2,0
tt_dataset/real_class1/konstantin-makovsky_italian.jpg,real,1
tt_dataset/real_class1/sam-francis_untitled-mandala-1975.jpg,real,1
tt_dataset/pg-fastganlite_class0/seed1138.png,pg-fastganlite,0
tt_dataset/real_class0/viktor-vasnetsov_last-judgment.jpg,real,0
tt_dataset/stylegan3_class1/seed7055.png,stylegan3,1
tt_dataset/real_class1/andrei-cadere_six-round-wooden-bars-1975.jpg,real,1
tt_dataset/pg-fastganlite_class1/seed10092.png,pg-fastganlite,1
tt_dataset/pg-fastganlite_class1/seed10984.png,pg-fastganlite,1
tt_dataset/real_class0/vincent-van-gogh_the-outskirts-of-paris-1886.jpg,real,0
tt_dataset/real_class1/gustave-loiseau_cliffs-at-cape-frehel-1905-1.jpg,real,1
tt_dataset/real_class1/orest-kiprensky_portrait-of-zinaida-volkonskaya-1829.jpg,real,1
tt_dataset/real_class0/robert-campin_crucifixion.jpg,real,0
tt_dataset/real_class0/paolo-veronese_martyrdom-of-st-sebastian.jpg,real,0
tt_dataset/stylegan3_class0/seed4968.png,stylegan3,0
tt_dataset/real_class0/ion-pacea_white-flowers-and-apples.jpg,real,0
tt_dataset/stylegan3_class1/seed8984.png,stylegan3,1
tt_dataset/stylegan2_class0/seed2613.png,stylegan2,0
tt_dataset/stylegan3_class0/seed3298.png,stylegan3,0
tt_dataset/real_class1/mary-fedden_ben-s-box-1994.jpg,real,1
tt_dataset/real_class0/david-alfaro-siqueiros_proletarian-mother-1929.jpg,real,0
tt_dataset/pg-fastganlite_class0/seed1388.png,pg-fastganlite,0
tt_dataset/stylegan2_class1/seed5998.png,stylegan2,1
tt_dataset/stylegan3_class1/seed7454.png,stylegan3,1
tt_dataset/stylegan3_class0/seed3913.png,stylegan3,0
tt_dataset/stylegan3_class0/seed3107.png,stylegan3,0
tt_dataset/real_class1/amedeo-modigliani_portrait-of-the-mechanical-1917.jpg,real,1
tt_dataset/stylegan2_class0/seed2780.png,stylegan2,0
tt_dataset/pg-fastganlite_class1/seed10636.png,pg-fastganlite,1
tt_dataset/pg-fastganlite_class0/seed1455.png,pg-fastganlite,0
tt_dataset/real_class0/istvan-nagy_on-the-shore-of-harta-pond.jpg,real,0
tt_dataset/real_class0/lucian-freud_after-cezanne-2000.jpg,real,0
tt_dataset/real_class0/edgar-degas_david-and-goliath.jpg,real,0
tt_dataset/real_class0/felix-vallotton_russian-political-writer-alexander-herzen-1895.jpg,real,0
tt_dataset/real_class0/roy-lichtenstein_still-life-with-dossier-1976.jpg,real,0
tt_dataset/real_class1/marc-chagall_the-accordionist-1957.jpg,real,1
tt_dataset/real_class0/claude-monet_the-japanese-bridge-4-1924.jpg,real,0
tt_dataset/real_class0/dan-flavin_untitled-1969(1).jpg,real,0
tt_dataset/pg-fastganlite_class0/seed1694.png,pg-fastganlite,0
tt_dataset/stylegan2_class0/seed2722.png,stylegan2,0
tt_dataset/real_class0/karl-benjamin_bb-8-1962.jpg,real,0
tt_dataset/real_class1/vincent-van-gogh_portrait-of-the-artist-s-mother-1888.jpg,real,1
tt_dataset/pg-fastganlite_class1/seed10167.png,pg-fastganlite,1
tt_dataset/pg-fastganlite_class1/seed10154.png,pg-fastganlite,1
tt_dataset/real_class1/georges-braque_yellow-seacoast-1906.jpg,real,1
tt_dataset/real_class0/pyotr-konchalovsky_school-of-yungs-came-the-first-1929.jpg,real,0
tt_dataset/pg-fastganlite_class0/seed1090.png,pg-fastganlite,0
tt_dataset/real_class0/ernst-ludwig-kirchner_reclining-female-nude-in-front-of-a-mirror.jpg,real,0
tt_dataset/real_class1/konstantin-vasilyev_yaroslavna-s-lament.jpg,real,1
tt_dataset/real_class1/anders-zorn_mrs-potter-palmer-1893.jpg,real,1
tt_dataset/pg-fastganlite_class1/seed10721.png,pg-fastganlite,1
tt_dataset/real_class0/leonardo-da-vinci_caricature-2.jpg,real,0
tt_dataset/stylegan3_class0/seed3316.png,stylegan3,0
tt_dataset/stylegan3_class0/seed4199.png,stylegan3,0
tt_dataset/real_class1/giovanni-boldini_portrait-of-gladys-deacon-1908.jpg,real,1
tt_dataset/real_class1/victor-borisov-musatov_autumn-evening-sketch-for-a-panel-1904.jpg,real,1
tt_dataset/stylegan3_class1/seed7256.png,stylegan3,1
tt_dataset/real_class1/frans-snyders_grapes-peaches-and-quinces-in-a-niche.jpg,real,1
tt_dataset/real_class0/hugo-simberg_woman-1890.jpg,real,0
tt_dataset/stylegan3_class1/seed8138.png,stylegan3,1
tt_dataset/stylegan2_class1/seed6428.png,stylegan2,1
tt_dataset/pg-fastganlite_class1/seed10946.png,pg-fastganlite,1
tt_dataset/real_class1/albrecht-durer_iris-troiana.jpg,real,1
tt_dataset/real_class0/william-h.-johnson_moon-over-harlem-1944(1).jpg,real,0
tt_dataset/real_class0/john-everett-millais_ophelia.jpg,real,0
tt_dataset/pg-fastganlite_class1/seed10040.png,pg-fastganlite,1
tt_dataset/pg-fastganlite_class1/seed10796.png,pg-fastganlite,1
tt_dataset/real_class0/walter-sickert_seated-nude-paris-1906.jpg,real,0
tt_dataset/pg-fastganlite_class0/seed1449.png,pg-fastganlite,0
tt_dataset/stylegan3_class1/seed7228.png,stylegan3,1
tt_dataset/pg-fastganlite_class1/seed10788.png,pg-fastganlite,1
tt_dataset/real_class0/vasily-surikov_russian-troops-under-suvorov-crossing-the-alps-study-1898.jpg,real,0
tt_dataset/real_class1/charles-demuth_acrobats-1919.jpg,real,1
tt_dataset/pg-fastganlite_class0/seed1744.png,pg-fastganlite,0
tt_dataset/stylegan2_class0/seed2696.png,stylegan2,0
tt_dataset/pg-fastganlite_class1/seed10957.png,pg-fastganlite,1
tt_dataset/pg-fastganlite_class1/seed10252.png,pg-fastganlite,1
tt_dataset/real_class0/salvador-dali_omnes-de-saba-venient-1967.jpg,real,0
tt_dataset/real_class1/marcel-duchamp_play-1902.jpg,real,1
tt_dataset/stylegan3_class1/seed8278.png,stylegan3,1
tt_dataset/stylegan2_class1/seed6736.png,stylegan2,1
tt_dataset/real_class0/thomas-eakins_photo-thomas-eakins-carrying-a-woman-1885.jpg,real,0
tt_dataset/stylegan2_class1/seed6218.png,stylegan2,1
tt_dataset/real_class0/william-merritt-chase_portrait-of-martha-walter.jpg,real,0
tt_dataset/real_class1/panayiotis-tetsis_landscape-1.jpg,real,1
tt_dataset/stylegan3_class1/seed8170.png,stylegan3,1
tt_dataset/pg-fastganlite_class1/seed10519.png,pg-fastganlite,1
tt_dataset/real_class0/andy-warhol_electric-chair-1.jpg,real,0
tt_dataset/stylegan2_class1/seed6380.png,stylegan2,1
tt_dataset/real_class1/edgar-degas_russian-dancers-3.jpg,real,1
tt_dataset/real_class0/vincent-van-gogh_stooks-and-a-peasant-stacking-sheaves-1885.jpg,real,0
tt_dataset/real_class0/lyonel-feininger_self-portrait-1915.jpg,real,0
tt_dataset/stylegan3_class0/seed3489.png,stylegan3,0
tt_dataset/real_class0/diego-velazquez_queen-mariana-1656.jpg,real,0
tt_dataset/real_class0/paul-klee_rising-sun-1907(1).jpg,real,0
tt_dataset/stylegan3_class0/seed4133.png,stylegan3,0
tt_dataset/pg-fastganlite_class1/seed10432.png,pg-fastganlite,1
tt_dataset/pg-fastganlite_class1/seed10877.png,pg-fastganlite,1
tt_dataset/pg-fastganlite_class0/seed1089.png,pg-fastganlite,0
tt_dataset/real_class0/sam-francis_untitled-los-angeles-1983.jpg,real,0
tt_dataset/real_class1/angelo-de-sousa_pastel-em-papel-1969.jpg,real,1
tt_dataset/pg-fastganlite_class1/seed10904.png,pg-fastganlite,1
tt_dataset/stylegan2_class1/seed6973.png,stylegan2,1
tt_dataset/real_class0/ivan-bilibin_illustration-for-the-fairytale-go-there-do-not-know-where-bring-it-i-do-not-know-what-1935(1).jpg,real,0
tt_dataset/real_class1/albrecht-durer_butter-cups-red-clover-and-plantain-1526.jpg,real,1
tt_dataset/stylegan2_class1/seed5817.png,stylegan2,1
tt_dataset/stylegan3_class0/seed3127.png,stylegan3,0
tt_dataset/stylegan3_class0/seed3937.png,stylegan3,0
tt_dataset/pg-fastganlite_class0/seed1304.png,pg-fastganlite,0
tt_dataset/pg-fastganlite_class0/seed1322.png,pg-fastganlite,0
tt_dataset/stylegan3_class0/seed4636.png,stylegan3,0
tt_dataset/stylegan2_class0/seed3480.png,stylegan2,0
tt_dataset/real_class1/brice-marden_formal-marble-2011.jpg,real,1
tt_dataset/real_class1/pierre-bonnard_playing-catch-also-known-as-children-in-a-garden-1905.jpg,real,1
tt_dataset/real_class1/arkhip-kuindzhi_snowy-mountain-peaks-caucasus.jpg,real,1
tt_dataset/stylegan3_class0/seed3533.png,stylegan3,0
tt_dataset/real_class0/gustave-loiseau_a-bend-in-the-eure-1919.jpg,real,0
tt_dataset/real_class1/claude-monet_camille-monet-at-the-window-argentuile.jpg,real,1
tt_dataset/pg-fastganlite_class1/seed10387.png,pg-fastganlite,1
tt_dataset/real_class1/david-burliuk_summer-forest-1906.jpg,real,1
tt_dataset/real_class0/nicholas-roerich_magician.jpg,real,0
tt_dataset/pg-fastganlite_class0/seed1025.png,pg-fastganlite,0
tt_dataset/real_class1/konstantin-korovin_still-life-1916.jpg,real,1
tt_dataset/stylegan2_class0/seed3859.png,stylegan2,0
tt_dataset/stylegan2_class0/seed2015.png,stylegan2,0
tt_dataset/stylegan2_class0/seed3147.png,stylegan2,0
tt_dataset/real_class1/pyotr-konchalovsky_crimea-cypress-1930.jpg,real,1
tt_dataset/real_class1/franz-marc_elephant-1907.jpg,real,1
tt_dataset/real_class1/isaac-levitan_white-lilac-1895.jpg,real,1
tt_dataset/real_class0/utagawa-kuniyoshi_clearing-water-at-horikawa.jpg,real,0
tt_dataset/real_class1/zinaida-serebriakova_family-portrait.jpg,real,1
tt_dataset/pg-fastganlite_class1/seed10697.png,pg-fastganlite,1
tt_dataset/pg-fastganlite_class1/seed10928.png,pg-fastganlite,1
tt_dataset/real_class0/spyros-papaloukas_nude-1917.jpg,real,0
tt_dataset/real_class1/theo-van-rysselberghe_rocks-at-antheor-1906.jpg,real,1
tt_dataset/real_class1/niki-de-sainte-phalle_the-couple-2000.jpg,real,1
tt_dataset/real_class1/leon-berkowitz_i-thou-1985.jpg,real,1
tt_dataset/real_class0/johann-koler_portrait-of-the-artist-s-father-1864.jpg,real,0
tt_dataset/stylegan3_class1/seed7102.png,stylegan3,1
tt_dataset/real_class0/nicholas-roerich_holy-cave-1931.jpg,real,0
tt_dataset/real_class1/jan-toorop_portrait-of-theo-neuhuys.jpg,real,1
tt_dataset/stylegan2_class0/seed2333.png,stylegan2,0
tt_dataset/stylegan3_class0/seed3148.png,stylegan3,0
tt_dataset/real_class1/niko-pirosmani_girl-with-ball.jpg,real,1
tt_dataset/real_class1/medi-wechsler-dinu_sulina-landscape.jpg,real,1
tt_dataset/real_class1/paul-mathiopoulos_after-the-rain-queen-street-wisdom-1900.jpg,real,1
tt_dataset/real_class0/frans-hals_portrait-of-a-man-1653.jpg,real,0
tt_dataset/stylegan3_class0/seed3803.png,stylegan3,0
tt_dataset/real_class0/nicholas-roerich_shepherd-1912.jpg,real,0
tt_dataset/stylegan3_class1/seed8360.png,stylegan3,1
tt_dataset/stylegan3_class0/seed3838.png,stylegan3,0
tt_dataset/real_class0/lynd-ward_not-detected-272548.jpg,real,0
tt_dataset/pg-fastganlite_class1/seed10444.png,pg-fastganlite,1
tt_dataset/pg-fastganlite_class0/seed1756.png,pg-fastganlite,0
tt_dataset/stylegan3_class0/seed3082.png,stylegan3,0
tt_dataset/real_class0/titian_caricature-of-the-laoc-on-group-1545.jpg,real,0
tt_dataset/real_class0/vasily-perov_dividing-the-inheritance-in-a-monastery-death-of-a-monk.jpg,real,0
tt_dataset/real_class1/henry-herbert-la-thangue_at-the-well.jpg,real,1
tt_dataset/stylegan3_class1/seed7525.png,stylegan3,1
tt_dataset/real_class1/paul-gauguin_orchard-under-the-church-of-bihorel-children-in-the-pasture-1884.jpg,real,1
tt_dataset/stylegan3_class1/seed7120.png,stylegan3,1
tt_dataset/real_class0/gustave-dore_they-heard-and-were-abashed-and-up-they-sprung.jpg,real,0
tt_dataset/pg-fastganlite_class0/seed1172.png,pg-fastganlite,0
tt_dataset/stylegan2_class1/seed6829.png,stylegan2,1
tt_dataset/pg-fastganlite_class1/seed10375.png,pg-fastganlite,1
tt_dataset/real_class1/gustave-courbet_snow-landscape-in-jura-1866.jpg,real,1
tt_dataset/real_class0/albrecht-durer_head-of-a-stag.jpg,real,0
tt_dataset/stylegan2_class0/seed2451.png,stylegan2,0
tt_dataset/stylegan2_class0/seed3116.png,stylegan2,0
tt_dataset/pg-fastganlite_class0/seed1330.png,pg-fastganlite,0
tt_dataset/real_class1/john-william-waterhouse_gather-ye-rosebuds-while-ye-may-1909.jpg,real,1
tt_dataset/real_class1/hans-memling_virgin-and-child.jpg,real,1
tt_dataset/stylegan2_class1/seed6927.png,stylegan2,1
tt_dataset/stylegan2_class1/seed6492.png,stylegan2,1
tt_dataset/real_class0/eugene-boudin_the-toques-at-saint-arnoult-1891-1.jpg,real,0
tt_dataset/real_class0/umberto-boccioni_carlo-carr.jpg,real,0
tt_dataset/stylegan2_class0/seed2995.png,stylegan2,0
tt_dataset/real_class0/vincent-van-gogh_head-of-a-fisherman-with-a-sou-wester-1883(1).jpg,real,0
tt_dataset/stylegan2_class0/seed3586.png,stylegan2,0
tt_dataset/stylegan3_class0/seed4839.png,stylegan3,0
tt_dataset/real_class1/felix-vallotton_portrait-of-french-writer-ren-ghil-1898.jpg,real,1
tt_dataset/stylegan2_class1/seed6666.png,stylegan2,1
tt_dataset/real_class0/vasily-polenov_caesarian-fun-1879.jpg,real,0
tt_dataset/real_class1/mstislav-dobuzhinsky_the-spring-in-kaunas-1923.jpg,real,1
tt_dataset/pg-fastganlite_class0/seed1629.png,pg-fastganlite,0
tt_dataset/stylegan2_class0/seed3074.png,stylegan2,0
tt_dataset/stylegan3_class0/seed4138.png,stylegan3,0
tt_dataset/stylegan2_class1/seed6498.png,stylegan2,1
tt_dataset/stylegan3_class1/seed7057.png,stylegan3,1
tt_dataset/stylegan2_class1/seed6103.png,stylegan2,1
tt_dataset/real_class1/boris-kustodiev_threshing-1908.jpg,real,1
tt_dataset/real_class0/george-mavroides_red-hair-1976.jpg,real,0
tt_dataset/real_class0/albert-gleizes_landscape-with-bridge-and-viaduct-1910.jpg,real,0
tt_dataset/real_class1/pietro-perugino_potrait-of-don-baldassarre.jpg,real,1
tt_dataset/stylegan3_class0/seed4403.png,stylegan3,0
tt_dataset/real_class0/boris-kustodiev_portrait-of-yuri-korvin-krukovsky-1926-1.jpg,real,0
tt_dataset/real_class1/hiroshige_ama-no-hashidate-in-tango-province-1858.jpg,real,1
tt_dataset/real_class1/raphael-kirchner_fan-1916.jpg,real,1
tt_dataset/stylegan3_class0/seed3001.png,stylegan3,0
tt_dataset/stylegan3_class1/seed7714.png,stylegan3,1
tt_dataset/pg-fastganlite_class0/seed1002.png,pg-fastganlite,0
tt_dataset/real_class1/childe-hassam_giant-magnolias.jpg,real,1
tt_dataset/real_class0/henry-raeburn_elizabeth-hamilton.jpg,real,0
tt_dataset/stylegan3_class1/seed8975.png,stylegan3,1
tt_dataset/real_class1/nicolae-tonitza_reading.jpg,real,1
tt_dataset/real_class0/william-blake_blasphemer.jpg,real,0
tt_dataset/stylegan3_class0/seed3481.png,stylegan3,0
tt_dataset/real_class1/paul-cezanne_potted-plants-1890.jpg,real,1
tt_dataset/real_class1/giovanni-battista-tiepolo_madonna-of-the-goldfinch.jpg,real,1
tt_dataset/real_class0/agnolo-bronzino_lucrezia-di-cosimo.jpg,real,0
tt_dataset/real_class1/ivan-shishkin_coppice-noon-1872.jpg,real,1
tt_dataset/real_class1/hiroshige_prune-orchard-sun.jpg,real,1
tt_dataset/stylegan3_class1/seed7753.png,stylegan3,1
tt_dataset/stylegan2_class0/seed2554.png,stylegan2,0
tt_dataset/real_class1/esaias-van-de-velde_rocky-landscape-with-road-along-river.jpg,real,1
tt_dataset/real_class0/isaac-levitan_sea-finland-1896.jpg,real,0
tt_dataset/pg-fastganlite_class0/seed1431.png,pg-fastganlite,0
tt_dataset/real_class1/martiros-saryan_rainbow-1929.jpg,real,1
tt_dataset/stylegan3_class1/seed8074.png,stylegan3,1
tt_dataset/stylegan2_class1/seed6502.png,stylegan2,1
tt_dataset/real_class1/ion-tuculescu_daphne-monastery-1939.jpg,real,1
tt_dataset/real_class0/carlos-saenz-de-tejada_the-groves-of-mallorca.jpg,real,0
tt_dataset/real_class0/claude-monet_house-of-parliament-sun.jpg,real,0
tt_dataset/pg-fastganlite_class0/seed1916.png,pg-fastganlite,0
tt_dataset/stylegan3_class1/seed8696.png,stylegan3,1
tt_dataset/real_class1/eugene-boudin_beach-scene-9.jpg,real,1
tt_dataset/stylegan2_class1/seed6491.png,stylegan2,1
tt_dataset/real_class0/emile-claus_the-cock-fight-1882.jpg,real,0
tt_dataset/real_class1/ilya-repin_portrait-of-j-m-vengerov-1915.jpg,real,1
tt_dataset/real_class1/henri-edmond-cross_la-donana-venice.jpg,real,1
tt_dataset/real_class0/marc-chagall_illustration-for-louis-aragon-s-work-one-who-says-things-without-saying-anything-1976.jpg,real,0
tt_dataset/stylegan2_class0/seed2935.png,stylegan2,0
tt_dataset/real_class0/hans-memling_hell.jpg,real,0
tt_dataset/pg-fastganlite_class1/seed10758.png,pg-fastganlite,1
tt_dataset/real_class1/pyotr-konchalovsky_still-life-lilac-against-the-green-shutters-1947.jpg,real,1
tt_dataset/real_class1/constantine-maleas_landscape-of-attica.jpg,real,1
tt_dataset/stylegan3_class0/seed4575.png,stylegan3,0
tt_dataset/stylegan3_class1/seed8405.png,stylegan3,1
tt_dataset/stylegan3_class1/seed7529.png,stylegan3,1
tt_dataset/pg-fastganlite_class1/seed10580.png,pg-fastganlite,1
tt_dataset/real_class1/james-mcneill-whistler_design-for-a-mosaic-1891.jpg,real,1
tt_dataset/stylegan3_class1/seed7216.png,stylegan3,1
tt_dataset/real_class0/albrecht-altdorfer_landscape-with-satyrfamilie-1507.jpg,real,0
tt_dataset/real_class0/hans-hofmann_joy-sparks-of-the-gods-ii-1958.jpg,real,0
tt_dataset/pg-fastganlite_class0/seed1942.png,pg-fastganlite,0
tt_dataset/stylegan3_class1/seed8480.png,stylegan3,1
tt_dataset/real_class1/robert-silvers_mona-lisa-remastered-2.jpg,real,1
tt_dataset/stylegan2_class0/seed2485.png,stylegan2,0
tt_dataset/real_class1/guido-reni_mary-s-birth-1611.jpg,real,1
tt_dataset/real_class1/dante-gabriel-rossetti_alexa-wilding-1877.jpg,real,1
tt_dataset/stylegan2_class1/seed5237.png,stylegan2,1
tt_dataset/stylegan2_class1/seed6167.png,stylegan2,1
tt_dataset/real_class1/filippo-lippi_two-saints.jpg,real,1
tt_dataset/real_class0/ion-tuculescu_composition-wtih-dolls.jpg,real,0
tt_dataset/stylegan3_class1/seed8131.png,stylegan3,1
tt_dataset/real_class0/vincent-van-gogh_portrait-of-madame-ginoux-l-arlesienne-1888-1.jpg,real,0
tt_dataset/real_class0/franz-marc_dead-deer-1913.jpg,real,0
tt_dataset/real_class1/jacques-villon_nature-morte-aux-fleurs-jaunes-1956.jpg,real,1
tt_dataset/pg-fastganlite_class0/seed1043.png,pg-fastganlite,0
tt_dataset/real_class1/ferdinand-hodler_transfiguration.jpg,real,1
tt_dataset/stylegan2_class0/seed2727.png,stylegan2,0
tt_dataset/stylegan3_class1/seed7143.png,stylegan3,1
tt_dataset/real_class0/frantisek-kupka_the-gallien-girl-1910.jpg,real,0
tt_dataset/pg-fastganlite_class1/seed10688.png,pg-fastganlite,1
tt_dataset/real_class1/carl-larsson_ulf-and-pontus-1894(1).jpg,real,1
tt_dataset/pg-fastganlite_class0/seed1501.png,pg-fastganlite,0
tt_dataset/real_class0/sir-lawrence-alma-tadema_a-silent-greeting-1889.jpg,real,0
tt_dataset/real_class0/maxime-maufra_fishing-sardine-boat-1909.jpg,real,0
tt_dataset/stylegan3_class1/seed8217.png,stylegan3,1
tt_dataset/real_class1/isaac-levitan_landscape-with-buildings.jpg,real,1
tt_dataset/real_class0/n.c.-wyeth_merlin-taking-away-the-infant-arthur.jpg,real,0
tt_dataset/pg-fastganlite_class1/seed10824.png,pg-fastganlite,1
tt_dataset/real_class0/lucian-freud_reflection-with-two-children-self-portrait-1965.jpg,real,0
tt_dataset/pg-fastganlite_class0/seed1429.png,pg-fastganlite,0
tt_dataset/stylegan3_class1/seed8126.png,stylegan3,1
tt_dataset/real_class1/hieronymus-bosch_head-of-an-old-woman.jpg,real,1
tt_dataset/stylegan3_class0/seed3058.png,stylegan3,0
tt_dataset/stylegan3_class0/seed3131.png,stylegan3,0
tt_dataset/pg-fastganlite_class0/seed1377.png,pg-fastganlite,0
tt_dataset/stylegan3_class1/seed7322.png,stylegan3,1
tt_dataset/real_class0/julius-leblanc-stewart_in-the-boudoir(1).jpg,real,0
tt_dataset/real_class0/piet-mondrian_nature-died-with-sunflower-1907.jpg,real,0
tt_dataset/real_class1/richard-whitney_matinee.jpg,real,1
tt_dataset/pg-fastganlite_class0/seed1345.png,pg-fastganlite,0
tt_dataset/real_class0/pierre-auguste-renoir_bust-of-a-woman-gabrielle.jpg,real,0
tt_dataset/real_class1/vincent-van-gogh_vase-with-daisies-and-anemones-1887.jpg,real,1
tt_dataset/real_class0/theodore-gericault_two-post-horses.jpg,real,0
tt_dataset/real_class1/william-turner_approach-to-venice.jpg,real,1
tt_dataset/stylegan3_class0/seed4389.png,stylegan3,0
tt_dataset/real_class0/adriaen-brouwer_smallholders-playing-dice.jpg,real,0
tt_dataset/stylegan2_class1/seed5908.png,stylegan2,1
tt_dataset/stylegan3_class1/seed7986.png,stylegan3,1
tt_dataset/stylegan2_class1/seed5267.png,stylegan2,1
tt_dataset/stylegan3_class0/seed4225.png,stylegan3,0
tt_dataset/real_class1/egon-schiele_sawmill-1913.jpg,real,1
tt_dataset/real_class0/gustave-dore_the-hypocrites(1).jpg,real,0
tt_dataset/real_class1/francisco-goya_dona-tadea-arias-de-enriquez-1793.jpg,real,1
tt_dataset/real_class0/giovanni-bellini_madonna-enthroned-cherishing-the-sleeping-child-1475.jpg,real,0
tt_dataset/pg-fastganlite_class0/seed1103.png,pg-fastganlite,0
tt_dataset/real_class1/isaac-levitan_big-road-sunny-autumn-day-1897.jpg,real,1
tt_dataset/real_class0/vincent-van-gogh_sale-of-building-scrap-1885.jpg,real,0
tt_dataset/stylegan2_class0/seed2197.png,stylegan2,0
tt_dataset/pg-fastganlite_class1/seed10878.png,pg-fastganlite,1
tt_dataset/real_class1/martiros-saryan_peasants-dancing-1929.jpg,real,1
tt_dataset/stylegan3_class1/seed7628.png,stylegan3,1
tt_dataset/real_class1/karl-bryullov_pheb-in-his-chariot(1).jpg,real,1
tt_dataset/real_class1/francesco-guardi_venice-a-view-of-the-church-of-san-giorgio-maggiore-seen-from-the-giudecca.jpg,real,1
tt_dataset/real_class1/dmitry-levitzky_portrait-of-g-i-alymova-1773.jpg,real,1
tt_dataset/real_class1/robert-brackman_late-summer-nude.jpg,real,1
tt_dataset/real_class1/vincent-van-gogh_wheat-field-with-sun-and-cloud-1889.jpg,real,1
tt_dataset/real_class0/ilya-repin_zaporozhets-1884.jpg,real,0
tt_dataset/real_class1/ivan-kramskoy_portrait-of-the-painter-ivan-shishkin-1873.jpg,real,1
tt_dataset/pg-fastganlite_class1/seed10751.png,pg-fastganlite,1
tt_dataset/pg-fastganlite_class0/seed1255.png,pg-fastganlite,0
tt_dataset/stylegan2_class0/seed2192.png,stylegan2,0
tt_dataset/stylegan3_class0/seed4326.png,stylegan3,0
tt_dataset/stylegan3_class0/seed4969.png,stylegan3,0
tt_dataset/real_class0/pietro-da-cortona_piet-1625.jpg,real,0
tt_dataset/real_class0/francisco-goya_a-gift-for-the-master-1799.jpg,real,0
tt_dataset/pg-fastganlite_class1/seed10881.png,pg-fastganlite,1
tt_dataset/stylegan3_class0/seed4595.png,stylegan3,0
tt_dataset/real_class1/edmund-dulac_venus-in-her-chariot-from-edmund-dulac-s-illustrations-to-the-tempest.jpg,real,1
tt_dataset/real_class1/marc-chagall_solomon-1956.jpg,real,1
tt_dataset/real_class1/camille-corot_the-eel-gatherers.jpg,real,1
tt_dataset/stylegan2_class0/seed3416.png,stylegan2,0
tt_dataset/pg-fastganlite_class0/seed1810.png,pg-fastganlite,0
tt_dataset/real_class0/eugene-boudin_the-capture-of-the-petit-rodeur-1878.jpg,real,0
tt_dataset/stylegan3_class1/seed8801.png,stylegan3,1
tt_dataset/real_class0/james-tissot_the-conquest-of-the-amorites.jpg,real,0
tt_dataset/real_class1/maurice-prendergast_distance-hills-maine.jpg,real,1
tt_dataset/stylegan2_class0/seed3690.png,stylegan2,0
tt_dataset/stylegan2_class0/seed2017.png,stylegan2,0
tt_dataset/stylegan2_class0/seed3391.png,stylegan2,0
tt_dataset/stylegan2_class0/seed2976.png,stylegan2,0
tt_dataset/real_class0/kazimir-malevich_house-in-the-wall-1911.jpg,real,0
tt_dataset/real_class1/erro_chinese-petroleum-1978.jpg,real,1
tt_dataset/real_class0/pyotr-konchalovsky_portrait-of-a-e-goncz-1918-1.jpg,real,0
tt_dataset/real_class1/john-singer-sargent_mending-a-sail-1905.jpg,real,1
tt_dataset/real_class0/giorgione_view-of-castelfranco-and-shepherd(2).jpg,real,0
tt_dataset/real_class0/mstislav-dobuzhinsky_jurgai-iai-the-hill-of-crosses-1934.jpg,real,0
tt_dataset/stylegan3_class1/seed7338.png,stylegan3,1
tt_dataset/real_class0/jan-van-hemessen_parable-of-the-prodigal-son.jpg,real,0
tt_dataset/real_class1/francesco-guardi_san-giorgio-maggiore.jpg,real,1
tt_dataset/stylegan3_class0/seed4739.png,stylegan3,0
tt_dataset/stylegan3_class1/seed8915.png,stylegan3,1
tt_dataset/stylegan3_class1/seed8389.png,stylegan3,1
tt_dataset/real_class0/mikhail-vrubel_head-of-demon.jpg,real,0
tt_dataset/real_class1/vittore-carpaccio_the-virgin-reading-1510.jpg,real,1
tt_dataset/real_class0/claude-monet_path-under-the-rose-trellises-giverny-1922.jpg,real,0
tt_dataset/stylegan2_class1/seed6016.png,stylegan2,1
tt_dataset/real_class0/paolo-veronese_martyrdom-of-saint-sebastian.jpg,real,0
tt_dataset/real_class0/constant-troyon_a-view-towards-the-seine-from-suresnes.jpg,real,0
tt_dataset/real_class1/ito-shinsui_shirahama-in-the-morning.jpg,real,1
tt_dataset/stylegan2_class1/seed6687.png,stylegan2,1
tt_dataset/real_class1/childe-hassam_the-southwest-wind.jpg,real,1
tt_dataset/stylegan2_class1/seed6695.png,stylegan2,1
tt_dataset/real_class1/orest-kiprensky_portrait-of-young-man.jpg,real,1
tt_dataset/real_class0/giovanni-bellini_portrait-of-a-venetian-gentleman.jpg,real,0
tt_dataset/real_class0/gino-severini_the-accordion-player-1919.jpg,real,0
tt_dataset/real_class1/vittore-carpaccio_portrait-of-a-lady-1.jpg,real,1
tt_dataset/pg-fastganlite_class1/seed10535.png,pg-fastganlite,1
tt_dataset/stylegan2_class0/seed2416.png,stylegan2,0
tt_dataset/real_class1/ivan-shishkin_grove-by-the-pond-preobrazhenskoye-1896.jpg,real,1
tt_dataset/pg-fastganlite_class1/seed10003.png,pg-fastganlite,1
tt_dataset/pg-fastganlite_class0/seed1914.png,pg-fastganlite,0
tt_dataset/real_class0/koloman-moser_study-for-venus-in-the-grotto.jpg,real,0
tt_dataset/real_class0/francois-boucher_the-marquise-de-pompadour.jpg,real,0
tt_dataset/pg-fastganlite_class1/seed10204.png,pg-fastganlite,1
tt_dataset/stylegan3_class1/seed7480.png,stylegan3,1
tt_dataset/stylegan2_class0/seed2619.png,stylegan2,0
tt_dataset/real_class1/nicolae-tonitza_balcic-corner-1936.jpg,real,1
tt_dataset/stylegan3_class0/seed3040.png,stylegan3,0
tt_dataset/real_class0/gustave-courbet_still-life-with-pears-and-apples.jpg,real,0
tt_dataset/real_class1/thomas-eakins_portrait-of-james-wright-1890.jpg,real,1
tt_dataset/real_class1/peter-blake_ebony-tarzan-1972.jpg,real,1
tt_dataset/stylegan3_class0/seed3091.png,stylegan3,0
tt_dataset/pg-fastganlite_class0/seed1991.png,pg-fastganlite,0
tt_dataset/real_class1/edith-vonnegut_taking-out-the-garbage.jpg,real,1
tt_dataset/real_class1/fra-angelico_annunciation-and-adoration-of-the-magi.jpg,real,1
tt_dataset/stylegan2_class1/seed5067.png,stylegan2,1
tt_dataset/real_class1/gustave-dore_idylls-of-the-king-4.jpg,real,1
tt_dataset/stylegan2_class0/seed2087.png,stylegan2,0
tt_dataset/real_class0/frits-thaulow_old-factory-on-the-somme-evening.jpg,real,0
tt_dataset/real_class1/camille-corot_young-girl-seated-in-a-meadow-1865.jpg,real,1
tt_dataset/stylegan3_class1/seed7053.png,stylegan3,1
tt_dataset/pg-fastganlite_class0/seed1003.png,pg-fastganlite,0
tt_dataset/real_class0/max-beckmann_the-descent-from-the-cross-1917.jpg,real,0
tt_dataset/pg-fastganlite_class0/seed1926.png,pg-fastganlite,0
tt_dataset/real_class0/henri-matisse_boudoir-1921.jpg,real,0
tt_dataset/real_class0/willem-kalf_still-life-with-a-pilgrim-flask-candlestick-porcelain-vase-and-fruit.jpg,real,0
tt_dataset/real_class1/william-james-glackens_lenna-painting-the-artist-s-daughter-1918.jpg,real,1
tt_dataset/stylegan3_class1/seed7589.png,stylegan3,1
tt_dataset/real_class1/raphael-kirchner_geisha-4.jpg,real,1
tt_dataset/real_class1/albert-huie_houses-on-stilts-with-fishermen.jpg,real,1
tt_dataset/pg-fastganlite_class1/seed10264.png,pg-fastganlite,1
tt_dataset/real_class1/jan-matejko_stanislaw-leszczynski-1.jpg,real,1
tt_dataset/stylegan3_class1/seed7413.png,stylegan3,1
tt_dataset/pg-fastganlite_class1/seed10277.png,pg-fastganlite,1
tt_dataset/stylegan3_class1/seed8590.png,stylegan3,1
tt_dataset/stylegan3_class1/seed7908.png,stylegan3,1
tt_dataset/real_class1/francisco-goya_pedro-romero.jpg,real,1
tt_dataset/real_class1/claude-monet_heavy-sea-at-pourville.jpg,real,1
tt_dataset/real_class1/john-william-waterhouse_consulting-the-oracle.jpg,real,1
tt_dataset/stylegan2_class0/seed3671.png,stylegan2,0
tt_dataset/pg-fastganlite_class1/seed10538.png,pg-fastganlite,1
tt_dataset/real_class1/giuseppe-arcimboldo_autumn-1573(1).jpg,real,1
tt_dataset/real_class1/konstantin-bogaevsky_memories-of-mantegna-1910.jpg,real,1
tt_dataset/real_class1/john-singer-sargent_portrait-of-miss-dorothy-vickers.jpg,real,1
tt_dataset/real_class0/pyotr-konchalovsky_still-life-melon-1912.jpg,real,0
tt_dataset/stylegan2_class0/seed2068.png,stylegan2,0
tt_dataset/stylegan3_class1/seed8315.png,stylegan3,1
tt_dataset/pg-fastganlite_class0/seed1482.png,pg-fastganlite,0
tt_dataset/stylegan3_class1/seed8042.png,stylegan3,1
tt_dataset/stylegan2_class1/seed5175.png,stylegan2,1
tt_dataset/stylegan2_class0/seed3723.png,stylegan2,0
tt_dataset/pg-fastganlite_class1/seed10110.png,pg-fastganlite,1
tt_dataset/stylegan2_class1/seed5235.png,stylegan2,1
tt_dataset/real_class0/henrique-pousao_mulher-da-gua-1883.jpg,real,0
tt_dataset/real_class0/nicholas-roerich_landscape-with-dragon.jpg,real,0
tt_dataset/real_class0/ilya-repin_in-the-besieged-moscow-in-1812-1912.jpg,real,0
tt_dataset/stylegan3_class0/seed4784.png,stylegan3,0
tt_dataset/real_class0/salvador-dali_peccatum-originis-1967.jpg,real,0
tt_dataset/real_class1/piet-mondrian_river-view-with-a-boat-sun.jpg,real,1
tt_dataset/stylegan2_class0/seed2415.png,stylegan2,0
tt_dataset/real_class1/georges-braque_the-black-fish-1942.jpg,real,1
tt_dataset/real_class0/mary-cassatt_susan-comforting-the-baby-no-2.jpg,real,0
tt_dataset/real_class0/j.-e.-h.-macdonald_early-morning-rocky-mountains.jpg,real,0
tt_dataset/real_class0/carlos-botelho_with-carnivals-such-as-this-one-1938.jpg,real,0
tt_dataset/pg-fastganlite_class1/seed10763.png,pg-fastganlite,1
tt_dataset/real_class0/edouard-manet_the-dead-christ-with-angels-1864.jpg,real,0
tt_dataset/real_class1/john-hoppner_miranda.jpg,real,1
tt_dataset/pg-fastganlite_class1/seed10731.png,pg-fastganlite,1
tt_dataset/stylegan2_class1/seed5788.png,stylegan2,1
tt_dataset/stylegan3_class0/seed4700.png,stylegan3,0
tt_dataset/stylegan3_class0/seed4553.png,stylegan3,0
tt_dataset/pg-fastganlite_class0/seed1145.png,pg-fastganlite,0
tt_dataset/real_class1/raphael-kirchner_parfums-1900-4.jpg,real,1
tt_dataset/stylegan3_class1/seed8154.png,stylegan3,1
tt_dataset/real_class1/anne-appleby_kinnikinnick-1997.jpg,real,1
tt_dataset/real_class1/james-tissot_a-lady-in-a-black-and-white-dress.jpg,real,1
tt_dataset/real_class1/nicholas-roerich_from-beyond.jpg,real,1
tt_dataset/real_class0/sir-lawrence-alma-tadema_agrippina-with-the-ashes-of-germanicus.jpg,real,0
tt_dataset/stylegan3_class1/seed8939.png,stylegan3,1
tt_dataset/real_class0/david-alfaro-siqueiros_birth-of-fascism-1936.jpg,real,0
tt_dataset/real_class0/dante-gabriel-rossetti_the-first-madness-of-ophelia-1864.jpg,real,0
tt_dataset/stylegan3_class1/seed8417.png,stylegan3,1
tt_dataset/real_class1/claude-monet_the-cabin-at-saint-adresse.jpg,real,1
tt_dataset/stylegan2_class1/seed5397.png,stylegan2,1
tt_dataset/real_class1/antoine-blanchard_la-chatelet.jpg,real,1
tt_dataset/pg-fastganlite_class0/seed1086.png,pg-fastganlite,0
tt_dataset/real_class1/albrecht-durer_adam-and-eve-1504.jpg,real,1
tt_dataset/real_class1/childe-hassam_figures-in-sunlight.jpg,real,1
tt_dataset/stylegan2_class1/seed5965.png,stylegan2,1
tt_dataset/stylegan3_class1/seed7193.png,stylegan3,1
tt_dataset/pg-fastganlite_class1/seed10140.png,pg-fastganlite,1
tt_dataset/stylegan2_class0/seed3587.png,stylegan2,0
tt_dataset/real_class1/sir-lawrence-alma-tadema_prose-1879.jpg,real,1
tt_dataset/real_class1/arthur-segal_flowers.jpg,real,1
tt_dataset/real_class1/mikalojus-ciurlionis_rex-i-1904.jpg,real,1
tt_dataset/real_class1/vasily-perov_celebration-in-the-outskirts-of-paris-in-montmartre-1864.jpg,real,1
tt_dataset/pg-fastganlite_class0/seed1151.png,pg-fastganlite,0
tt_dataset/real_class0/georges-braque_still-life-with-lobster-1948.jpg,real,0
tt_dataset/real_class1/fred-williams_dight-s-falls-1974.jpg,real,1
tt_dataset/real_class1/edgar-degas_dancer-in-her-dressing-room.jpg,real,1
tt_dataset/stylegan3_class0/seed3366.png,stylegan3,0
tt_dataset/real_class1/john-crome_river-wensum.jpg,real,1
tt_dataset/stylegan2_class1/seed6943.png,stylegan2,1
tt_dataset/stylegan3_class1/seed7754.png,stylegan3,1
tt_dataset/real_class1/olga-rozanova_still-life-with-peatcher-and-apples.jpg,real,1
tt_dataset/real_class1/jan-van-eyck_isabella-borluut-panel-from-the-ghent-altarpiece-1432.jpg,real,1
tt_dataset/real_class1/jan-matejko_portrait-of-three-children.jpg,real,1
tt_dataset/real_class0/joseph-wright_two-boys-fighting-over-a-bladder-1770.jpg,real,0
tt_dataset/pg-fastganlite_class1/seed10621.png,pg-fastganlite,1
tt_dataset/pg-fastganlite_class0/seed1536.png,pg-fastganlite,0
tt_dataset/stylegan2_class1/seed6895.png,stylegan2,1
tt_dataset/real_class1/anthony-van-dyck_diana-cecil-countess-of-oxford-1638.jpg,real,1
tt_dataset/stylegan3_class0/seed3769.png,stylegan3,0
tt_dataset/stylegan3_class0/seed4141.png,stylegan3,0
tt_dataset/real_class0/walter-sickert_the-little-tea-party-nina-hamnett-and-roald-kristian-1916.jpg,real,0
tt_dataset/real_class0/konstantin-korovin_gursuf-evening-1912.jpg,real,0
tt_dataset/pg-fastganlite_class0/seed1791.png,pg-fastganlite,0
tt_dataset/real_class0/koloman-moser_reproduction-template-for-the-middle-part-of-the-leaf-love-for-gerlach-s-allegories-new-series.jpg,real,0
tt_dataset/real_class0/joe-goode_tissue-tear-series-untitled-1975.jpg,real,0
tt_dataset/pg-fastganlite_class0/seed1730.png,pg-fastganlite,0
tt_dataset/real_class0/lucian-freud_naked-girl-asleep-ii-1968.jpg,real,0
tt_dataset/pg-fastganlite_class1/seed10028.png,pg-fastganlite,1
tt_dataset/stylegan3_class0/seed4140.png,stylegan3,0
tt_dataset/pg-fastganlite_class1/seed10417.png,pg-fastganlite,1
tt_dataset/real_class0/gustave-loiseau_houses-near-the-eure.jpg,real,0
tt_dataset/real_class1/diego-velazquez_coronation-of-the-virgin-1644.jpg,real,1
tt_dataset/real_class1/william-holman-hunt_fairlight-downs-sunlight-on-the-sea.jpg,real,1
tt_dataset/stylegan2_class0/seed2909.png,stylegan2,0
tt_dataset/pg-fastganlite_class1/seed10740.png,pg-fastganlite,1
tt_dataset/pg-fastganlite_class1/seed10964.png,pg-fastganlite,1
tt_dataset/pg-fastganlite_class1/seed10870.png,pg-fastganlite,1
tt_dataset/pg-fastganlite_class1/seed10656.png,pg-fastganlite,1
tt_dataset/stylegan3_class0/seed4009.png,stylegan3,0
tt_dataset/real_class1/edgar-degas_dancers-tying-shoes-1883.jpg,real,1
tt_dataset/real_class1/jean-honore-fragonard_young-girl-reading.jpg,real,1
tt_dataset/pg-fastganlite_class0/seed1706.png,pg-fastganlite,0
tt_dataset/pg-fastganlite_class0/seed1452.png,pg-fastganlite,0
tt_dataset/stylegan2_class0/seed3308.png,stylegan2,0
tt_dataset/real_class1/william-merritt-chase_shinnecock-landscape.jpg,real,1
tt_dataset/real_class1/marc-chagall_the-poet-or-half-past-three-1912.jpg,real,1
tt_dataset/pg-fastganlite_class1/seed10135.png,pg-fastganlite,1
tt_dataset/real_class1/utagawa-kunisada-ii_ushiwaka-maru-training-with-the-tengu.jpg,real,1
tt_dataset/pg-fastganlite_class1/seed10640.png,pg-fastganlite,1
tt_dataset/real_class1/nicolae-darascu_the-house-with-linden-tree-from-balcic-1933.jpg,real,1
tt_dataset/pg-fastganlite_class0/seed1404.png,pg-fastganlite,0
tt_dataset/stylegan2_class1/seed6521.png,stylegan2,1
tt_dataset/stylegan2_class0/seed2104.png,stylegan2,0
tt_dataset/pg-fastganlite_class1/seed10208.png,pg-fastganlite,1
tt_dataset/stylegan2_class1/seed6661.png,stylegan2,1
tt_dataset/real_class0/lynd-ward_not-detected-272521.jpg,real,0
tt_dataset/stylegan3_class1/seed7620.png,stylegan3,1
tt_dataset/real_class0/ilya-repin_v-a-repina-1876.jpg,real,0
tt_dataset/stylegan2_class0/seed3620.png,stylegan2,0
tt_dataset/real_class0/salvador-dali_oblatio-munda-1967.jpg,real,0
tt_dataset/real_class1/rembrandt_the-holy-family-1632.jpg,real,1
tt_dataset/stylegan3_class0/seed4434.png,stylegan3,0
tt_dataset/real_class0/pablo-picasso_head-of-woman.jpg,real,0
tt_dataset/real_class1/francisco-de-zurbaran_st-agatha-1633.jpg,real,1
tt_dataset/pg-fastganlite_class1/seed10090.png,pg-fastganlite,1
tt_dataset/real_class1/martiros-saryan_byurakan-1958.jpg,real,1
tt_dataset/pg-fastganlite_class1/seed10846.png,pg-fastganlite,1
tt_dataset/real_class0/boris-kustodiev_dunya-in-red-1905.jpg,real,0
tt_dataset/pg-fastganlite_class0/seed1340.png,pg-fastganlite,0
tt_dataset/real_class0/pierre-soulages_peinture-243-x-181-cm-26-juin-1999-1999.jpg,real,0
tt_dataset/real_class0/sam-francis_untitled-sf76-176-1976.jpg,real,0
tt_dataset/pg-fastganlite_class1/seed10337.png,pg-fastganlite,1
tt_dataset/stylegan3_class0/seed3890.png,stylegan3,0
tt_dataset/real_class0/domenico-ghirlandaio_portrait-of-the-donor-francesca-pitti-tornabuoni-1490.jpg,real,0
tt_dataset/real_class0/milton-avery_interlude-1960.jpg,real,0
tt_dataset/pg-fastganlite_class0/seed1773.png,pg-fastganlite,0
tt_dataset/real_class0/nicholas-roerich_himalayas-3.jpg,real,0
tt_dataset/pg-fastganlite_class0/seed1179.png,pg-fastganlite,0
tt_dataset/pg-fastganlite_class1/seed10680.png,pg-fastganlite,1
tt_dataset/stylegan2_class1/seed5464.png,stylegan2,1
tt_dataset/real_class0/nicholas-roerich_guru-kambala-1940.jpg,real,0
tt_dataset/real_class0/gustave-dore_the-inferno-canto-13-1.jpg,real,0
tt_dataset/stylegan3_class0/seed4570.png,stylegan3,0
tt_dataset/stylegan2_class1/seed5860.png,stylegan2,1
tt_dataset/stylegan3_class0/seed4877.png,stylegan3,0
tt_dataset/stylegan3_class0/seed4767.png,stylegan3,0
tt_dataset/real_class0/childe-hassam_mrs-hassam-knitting.jpg,real,0
tt_dataset/pg-fastganlite_class1/seed10572.png,pg-fastganlite,1
tt_dataset/real_class1/georges-seurat_view-of-le-crotoy-from-upstream-1889.jpg,real,1
tt_dataset/real_class0/marsden-hartley_christ-held-by-half-naked-men-1940.jpg,real,0
tt_dataset/pg-fastganlite_class1/seed10618.png,pg-fastganlite,1
tt_dataset/stylegan2_class0/seed2158.png,stylegan2,0
tt_dataset/stylegan2_class0/seed3189.png,stylegan2,0
tt_dataset/real_class0/arthur-verona_neagoe-basarab-study.jpg,real,0
tt_dataset/real_class1/domenico-ghirlandaio_a-sibyl-1486.jpg,real,1
tt_dataset/stylegan3_class0/seed3594.png,stylegan3,0
tt_dataset/stylegan3_class0/seed3261.png,stylegan3,0
tt_dataset/real_class0/william-h.-johnson_jitterbugs-iv-1941(1).jpg,real,0
tt_dataset/stylegan2_class1/seed6625.png,stylegan2,1
tt_dataset/stylegan2_class0/seed2543.png,stylegan2,0
tt_dataset/stylegan3_class1/seed8750.png,stylegan3,1
tt_dataset/real_class1/claude-monet_the-seine-at-vetheuil-1.jpg,real,1
tt_dataset/pg-fastganlite_class0/seed1420.png,pg-fastganlite,0
tt_dataset/stylegan2_class1/seed5841.png,stylegan2,1
tt_dataset/real_class0/camille-corot_lormes-a-waterfall-with-a-standing-peasant-spinning-wool-1842.jpg,real,0
tt_dataset/real_class0/sir-lawrence-alma-tadema_leaving-church-in-the-fifteenth-century-1864.jpg,real,0
tt_dataset/stylegan2_class1/seed6626.png,stylegan2,1
tt_dataset/pg-fastganlite_class0/seed1073.png,pg-fastganlite,0
tt_dataset/real_class0/octav-bancila_lubeni.jpg,real,0
tt_dataset/stylegan2_class1/seed6040.png,stylegan2,1
tt_dataset/real_class0/paula-modersohn-becker_children-with-goldfish-bowl-1907.jpg,real,0
tt_dataset/stylegan3_class1/seed7089.png,stylegan3,1
tt_dataset/real_class0/burhan-dogancay_carlo-loves-1964.jpg,real,0
tt_dataset/real_class0/konstantin-makovsky_country-landscape.jpg,real,0
tt_dataset/stylegan3_class0/seed4852.png,stylegan3,0
tt_dataset/real_class1/carl-larsson_a-day-of-celebration(1).jpg,real,1
tt_dataset/real_class0/koloman-moser_female-nude-with-blue-cloth.jpg,real,0
tt_dataset/pg-fastganlite_class0/seed1660.png,pg-fastganlite,0
tt_dataset/stylegan2_class0/seed3947.png,stylegan2,0
tt_dataset/stylegan2_class0/seed3003.png,stylegan2,0
tt_dataset/pg-fastganlite_class1/seed10050.png,pg-fastganlite,1
tt_dataset/stylegan2_class1/seed6142.png,stylegan2,1
tt_dataset/real_class0/lucian-freud_blonde-girl-on-a-bed.jpg,real,0
tt_dataset/stylegan3_class1/seed8721.png,stylegan3,1
tt_dataset/stylegan2_class1/seed5471.png,stylegan2,1
tt_dataset/real_class0/eugene-boudin_deauville-low-tide.jpg,real,0
tt_dataset/pg-fastganlite_class0/seed1640.png,pg-fastganlite,0
tt_dataset/stylegan3_class1/seed7649.png,stylegan3,1
tt_dataset/real_class0/thomas-eakins_landscape.jpg,real,0
tt_dataset/stylegan3_class0/seed3764.png,stylegan3,0
tt_dataset/stylegan3_class0/seed3465.png,stylegan3,0
tt_dataset/stylegan2_class1/seed6233.png,stylegan2,1
tt_dataset/real_class1/jacek-malczewski_poisoned-well-chimera.jpg,real,1
tt_dataset/stylegan3_class0/seed4906.png,stylegan3,0
tt_dataset/stylegan2_class0/seed3449.png,stylegan2,0
tt_dataset/real_class1/thomas-gainsborough_the-artist-s-daughter-margaret-1772.jpg,real,1
tt_dataset/real_class0/david-burliuk_peasant-couple.jpg,real,0
tt_dataset/real_class0/george-morland_the-wreckers-1791.jpg,real,0
tt_dataset/stylegan2_class1/seed5251.png,stylegan2,1
tt_dataset/stylegan3_class0/seed3418.png,stylegan3,0
tt_dataset/stylegan2_class0/seed2792.png,stylegan2,0
tt_dataset/real_class1/peter-paul-rubens_landscape-with-a-watering-place.jpg,real,1
tt_dataset/real_class0/gustave-dore_don-quixote-59.jpg,real,0
tt_dataset/stylegan3_class0/seed4656.png,stylegan3,0
tt_dataset/stylegan2_class1/seed5492.png,stylegan2,1
tt_dataset/real_class0/helen-frankenthaler_the-other-side-of-the-moon-1995.jpg,real,0
tt_dataset/stylegan3_class1/seed8155.png,stylegan3,1
tt_dataset/pg-fastganlite_class0/seed1714.png,pg-fastganlite,0
tt_dataset/stylegan2_class0/seed3045.png,stylegan2,0
tt_dataset/real_class0/esteban-vicente_portrait-of-his-sister-sagrario-1925.jpg,real,0
tt_dataset/real_class0/edouard-cortes_effect-of-sunlight-on-notre-dame.jpg,real,0
tt_dataset/stylegan2_class1/seed5044.png,stylegan2,1
tt_dataset/real_class1/wassily-kandinsky_park-of-st-cloud-with-horseman-1906.jpg,real,1
tt_dataset/stylegan2_class1/seed5219.png,stylegan2,1
tt_dataset/stylegan2_class1/seed5074.png,stylegan2,1
tt_dataset/stylegan3_class1/seed8666.png,stylegan3,1
tt_dataset/stylegan2_class0/seed2973.png,stylegan2,0
tt_dataset/pg-fastganlite_class1/seed10855.png,pg-fastganlite,1
tt_dataset/real_class1/nicholas-roerich_ashram-1933.jpg,real,1
tt_dataset/real_class1/camille-pissarro_the-pont-du-carrousel-afternoon-1903.jpg,real,1
tt_dataset/stylegan2_class0/seed3238.png,stylegan2,0
tt_dataset/stylegan3_class0/seed3658.png,stylegan3,0
tt_dataset/real_class0/lucian-freud_head-of-ali.jpg,real,0
tt_dataset/real_class1/george-stubbs_hound-and-bitch-in-a-landscape.jpg,real,1
tt_dataset/pg-fastganlite_class0/seed1669.png,pg-fastganlite,0
tt_dataset/stylegan3_class0/seed3213.png,stylegan3,0
tt_dataset/stylegan2_class0/seed3484.png,stylegan2,0
tt_dataset/stylegan2_class1/seed6805.png,stylegan2,1
tt_dataset/real_class0/henri-matisse_auguste-pellerin-ii-1916.jpg,real,0
tt_dataset/stylegan2_class1/seed5925.png,stylegan2,1
tt_dataset/stylegan2_class1/seed6733.png,stylegan2,1
tt_dataset/pg-fastganlite_class1/seed10910.png,pg-fastganlite,1
tt_dataset/stylegan2_class0/seed3065.png,stylegan2,0
tt_dataset/stylegan2_class1/seed5962.png,stylegan2,1
tt_dataset/real_class1/jean-helion_untitled-1957.jpg,real,1
tt_dataset/pg-fastganlite_class1/seed10526.png,pg-fastganlite,1
tt_dataset/stylegan2_class0/seed2050.png,stylegan2,0
tt_dataset/pg-fastganlite_class0/seed1140.png,pg-fastganlite,0
tt_dataset/real_class0/endre-balint_self-portrait-1936.jpg,real,0
tt_dataset/real_class1/gerard-david_triptych-with-the-nativity-1515.jpg,real,1
tt_dataset/real_class0/claude-monet_small-branch-of-the-seine-1878.jpg,real,0
tt_dataset/real_class0/james-mcneill-whistler_harmony-in-red-lamplight.jpg,real,0
tt_dataset/stylegan2_class1/seed6050.png,stylegan2,1
tt_dataset/stylegan3_class1/seed7370.png,stylegan3,1
tt_dataset/real_class0/lyonel-feininger_volcano-vulkan-1919.jpg,real,0
tt_dataset/stylegan3_class0/seed3434.png,stylegan3,0
tt_dataset/real_class1/luca-signorelli_madonna-and-child.jpg,real,1
tt_dataset/real_class1/ferdinand-hodler_the-lake-geneva-from-lausanne-1912.jpg,real,1
tt_dataset/real_class0/philip-wilson-steer_mrs-cyprian-williams-and-her-two-little-girls.jpg,real,0
tt_dataset/real_class1/edgar-degas_woman-in-a-blue-dressing-gown-torso-exposed.jpg,real,1
tt_dataset/stylegan3_class1/seed7546.png,stylegan3,1
tt_dataset/pg-fastganlite_class1/seed10362.png,pg-fastganlite,1
tt_dataset/pg-fastganlite_class1/seed10132.png,pg-fastganlite,1
tt_dataset/real_class0/edvard-munch_summer-night-at-aasgaardstrand.jpg,real,0
tt_dataset/real_class1/vasily-polenov_great-pyramids-of-cheops-and-chephren-1899.jpg,real,1
tt_dataset/real_class0/ion-theodorescu-sion_marin.jpg,real,0
tt_dataset/stylegan2_class1/seed5886.png,stylegan2,1
tt_dataset/stylegan3_class0/seed4631.png,stylegan3,0
tt_dataset/real_class1/titian_jupiter-and-anthiope-pardo-venus-1542.jpg,real,1
tt_dataset/stylegan2_class0/seed3487.png,stylegan2,0
tt_dataset/real_class0/henry-herbert-la-thangue_a-proven-al-morning.jpg,real,0
tt_dataset/stylegan3_class0/seed3543.png,stylegan3,0
tt_dataset/stylegan3_class1/seed7918.png,stylegan3,1
tt_dataset/real_class1/claude-monet_waves-breaking.jpg,real,1
tt_dataset/real_class0/ivan-aivazovsky_morning-in-the-bay-of-naples-1873.jpg,real,0
tt_dataset/real_class0/vasily-surikov_pompey-street-1884.jpg,real,0
tt_dataset/stylegan2_class0/seed2354.png,stylegan2,0
tt_dataset/stylegan3_class0/seed3657.png,stylegan3,0
tt_dataset/real_class0/vajda-lajos_melon-head-1936.jpg,real,0
tt_dataset/real_class0/giovanni-bellini_barbarigo-altarpiece-1488-2.jpg,real,0
tt_dataset/pg-fastganlite_class1/seed10993.png,pg-fastganlite,1
tt_dataset/real_class0/sergey-solomko_costume-designs-3.jpg,real,0
tt_dataset/pg-fastganlite_class1/seed10924.png,pg-fastganlite,1
tt_dataset/real_class1/cornelis-vreedenburgh_pollard-willow-at-the-side-of-the-broo.jpg,real,1
tt_dataset/real_class0/rembrandt_a-woman-sitting-up-in-bed.jpg,real,0
tt_dataset/real_class0/vasily-perov_scouts-at-sevastopol-1874-1.jpg,real,0
tt_dataset/real_class1/paul-signac_paris-ponton-des-bains-bailet-1885.jpg,real,1
tt_dataset/real_class1/ilya-mashkov_the-head-of-laocoon-in-the-profile-1900.jpg,real,1
tt_dataset/stylegan3_class1/seed8410.png,stylegan3,1
tt_dataset/real_class1/peter-paul-rubens_the-kermesse-1638.jpg,real,1
tt_dataset/stylegan2_class1/seed6231.png,stylegan2,1
tt_dataset/real_class0/john-hoyland_blood-feud-28-8-07-2007.jpg,real,0
tt_dataset/pg-fastganlite_class0/seed1041.png,pg-fastganlite,0
tt_dataset/pg-fastganlite_class1/seed10894.png,pg-fastganlite,1
tt_dataset/stylegan3_class1/seed7748.png,stylegan3,1
tt_dataset/real_class0/istvan-nagy_schoolboy-1932.jpg,real,0
tt_dataset/stylegan2_class0/seed3197.png,stylegan2,0
tt_dataset/stylegan2_class1/seed6078.png,stylegan2,1
tt_dataset/stylegan2_class0/seed3532.png,stylegan2,0
tt_dataset/real_class0/edgar-degas_dancer-1874.jpg,real,0
tt_dataset/stylegan2_class1/seed5871.png,stylegan2,1
tt_dataset/pg-fastganlite_class1/seed10453.png,pg-fastganlite,1
tt_dataset/real_class0/leonardo-da-vinci_a-seated-man-and-studies-and-notes-on-the-movement-of-water.jpg,real,0
tt_dataset/stylegan2_class0/seed2256.png,stylegan2,0
tt_dataset/real_class0/claude-monet_antibes-afternoon-effect(1).jpg,real,0
tt_dataset/stylegan3_class0/seed4045.png,stylegan3,0
tt_dataset/stylegan2_class1/seed5805.png,stylegan2,1
tt_dataset/pg-fastganlite_class1/seed10742.png,pg-fastganlite,1
tt_dataset/pg-fastganlite_class1/seed10669.png,pg-fastganlite,1
tt_dataset/real_class0/ernst-ludwig-kirchner_man-s-head-self-portrait.jpg,real,0
tt_dataset/stylegan3_class0/seed3780.png,stylegan3,0
tt_dataset/stylegan3_class1/seed7459.png,stylegan3,1
tt_dataset/real_class0/klavdy-lebedev_tzar-ivan-the-terrible-asks-abbot-cornelius-to-mow-him-to-the-monks.jpg,real,0
tt_dataset/real_class1/childe-hassam_the-rose-garden.jpg,real,1
tt_dataset/stylegan3_class0/seed4755.png,stylegan3,0
tt_dataset/real_class1/peder-severin-kroyer_frederikke-tuxen-1882.jpg,real,1
tt_dataset/stylegan3_class1/seed8904.png,stylegan3,1
tt_dataset/real_class1/vasily-polenov_sea-of-galilee.jpg,real,1
tt_dataset/stylegan2_class1/seed5093.png,stylegan2,1
tt_dataset/real_class1/maurice-prendergast_umbrellas-in-the-rain-1899.jpg,real,1
tt_dataset/stylegan2_class1/seed6721.png,stylegan2,1
tt_dataset/real_class1/george-stubbs_lord-grosvenor-s-arabian-stallion-with-a-groom.jpg,real,1
tt_dataset/pg-fastganlite_class0/seed1307.png,pg-fastganlite,0
tt_dataset/stylegan2_class0/seed2923.png,stylegan2,0
tt_dataset/real_class1/dante-gabriel-rossetti_the-tune-of-the-seven-towers-1857.jpg,real,1
tt_dataset/pg-fastganlite_class0/seed1862.png,pg-fastganlite,0
tt_dataset/stylegan3_class0/seed3741.png,stylegan3,0
tt_dataset/stylegan3_class0/seed3479.png,stylegan3,0
tt_dataset/real_class1/henri-fantin-latour_truth-1891.jpg,real,1
tt_dataset/real_class1/hans-memling_angel-holding-an-olive-branch-1480.jpg,real,1
tt_dataset/stylegan2_class0/seed2596.png,stylegan2,0
tt_dataset/pg-fastganlite_class1/seed10430.png,pg-fastganlite,1
tt_dataset/stylegan3_class0/seed4328.png,stylegan3,0
tt_dataset/real_class1/fernando-botero_promenade.jpg,real,1
tt_dataset/real_class0/hans-memling_crucifixion-1491.jpg,real,0
tt_dataset/stylegan2_class0/seed3204.png,stylegan2,0
tt_dataset/stylegan2_class1/seed5250.png,stylegan2,1
tt_dataset/real_class1/tintoretto_solomon-and-the-queen-of-sheba.jpg,real,1
tt_dataset/real_class1/zinaida-serebriakova_merchant-vegetables-nice-1931.jpg,real,1
tt_dataset/stylegan3_class1/seed7363.png,stylegan3,1
tt_dataset/stylegan3_class0/seed3251.png,stylegan3,0
tt_dataset/real_class1/stuart-davis_blips-and-ifs-1964.jpg,real,1
tt_dataset/pg-fastganlite_class0/seed1154.png,pg-fastganlite,0
tt_dataset/real_class1/pablo-picasso_portrait-of-madame-patri-1918.jpg,real,1
tt_dataset/real_class0/zinaida-serebriakova_neskuchnoye-calf-house.jpg,real,0
tt_dataset/stylegan3_class1/seed7227.png,stylegan3,1
tt_dataset/real_class0/hubert-robert_architectural-fantasy-1760.jpg,real,0
tt_dataset/pg-fastganlite_class0/seed1098.png,pg-fastganlite,0
tt_dataset/pg-fastganlite_class1/seed10724.png,pg-fastganlite,1
tt_dataset/real_class0/karl-bodmer_a-family-of-wild-boar.jpg,real,0
tt_dataset/real_class1/maurice-prendergast_montparnasse-1907.jpg,real,1
tt_dataset/pg-fastganlite_class0/seed1318.png,pg-fastganlite,0
tt_dataset/real_class1/gustave-moreau_humanity-the-golden-age-depicting-three-scenes-from-the-lives-of-adam-and-eve-the-silver-age-1886.jpg,real,1
tt_dataset/stylegan3_class1/seed8214.png,stylegan3,1
tt_dataset/real_class0/henri-rousseau_not_detected_191347.jpg,real,0
tt_dataset/stylegan3_class1/seed7267.png,stylegan3,1
tt_dataset/real_class1/hiro-yamagata_rhythmic-gymnastics.jpg,real,1
tt_dataset/real_class0/viktor-vasnetsov_crucifixion-1904.jpg,real,0
tt_dataset/stylegan2_class1/seed6672.png,stylegan2,1
tt_dataset/real_class0/edward-burne-jones_the-depths-of-the-sea.jpg,real,0
tt_dataset/real_class1/rogier-van-der-weyden_portrait-of-laurent-froimont.jpg,real,1
tt_dataset/real_class1/raphael-kirchner_girls-with-animals-1901-1.jpg,real,1
tt_dataset/real_class0/albrecht-durer_garment-studies.jpg,real,0
tt_dataset/real_class0/gustave-dore_brunetto-latini(1).jpg,real,0
tt_dataset/stylegan2_class1/seed5547.png,stylegan2,1
tt_dataset/real_class1/nicholas-roerich_landscape-1913.jpg,real,1
tt_dataset/stylegan2_class1/seed6076.png,stylegan2,1
tt_dataset/real_class1/gustave-dore_troubadours-singing-the-glories-of-the-crusades.jpg,real,1
tt_dataset/pg-fastganlite_class0/seed1426.png,pg-fastganlite,0
tt_dataset/real_class1/albrecht-durer_portrait-of-cardinal-lang-von-wellenburg.jpg,real,1
tt_dataset/real_class1/odilon-redon_flowers-4.jpg,real,1
tt_dataset/real_class1/john-henry-twachtman_greenwich-garden-1899.jpg,real,1
tt_dataset/stylegan2_class1/seed6068.png,stylegan2,1
tt_dataset/stylegan2_class0/seed3650.png,stylegan2,0
tt_dataset/real_class0/titian_david-and-goliath-1544.jpg,real,0
tt_dataset/stylegan3_class1/seed7386.png,stylegan3,1
tt_dataset/pg-fastganlite_class0/seed1770.png,pg-fastganlite,0
tt_dataset/stylegan3_class1/seed8054.png,stylegan3,1
tt_dataset/real_class1/kateryna-bilokur_catkin.jpg,real,1
tt_dataset/real_class1/miriam-schapiro_she-flies-through-the-air-with-the-greatest-of-ease.jpg,real,1
tt_dataset/stylegan2_class0/seed3858.png,stylegan2,0
tt_dataset/stylegan2_class1/seed6038.png,stylegan2,1
tt_dataset/stylegan2_class1/seed6442.png,stylegan2,1
tt_dataset/stylegan3_class1/seed7085.png,stylegan3,1
tt_dataset/pg-fastganlite_class0/seed1245.png,pg-fastganlite,0
tt_dataset/real_class0/robert-silvers_not-detected-275011.jpg,real,0
tt_dataset/real_class0/wilhelm-leibl_kopf-eines-bauernm-dchens-1879.jpg,real,0
tt_dataset/pg-fastganlite_class1/seed10457.png,pg-fastganlite,1
tt_dataset/real_class1/antoine-blanchard_porte-st-denis-winter-1.jpg,real,1
tt_dataset/stylegan2_class1/seed6187.png,stylegan2,1
tt_dataset/real_class0/nicholas-roerich_study-to-mohammed-the-prophet-1925.jpg,real,0
tt_dataset/real_class1/pietro-perugino_madonna-with-saints-adoring-the-child.jpg,real,1
tt_dataset/stylegan2_class1/seed5592.png,stylegan2,1
tt_dataset/pg-fastganlite_class1/seed10022.png,pg-fastganlite,1
tt_dataset/real_class1/karl-benjamin_20-1977.jpg,real,1
tt_dataset/pg-fastganlite_class0/seed1764.png,pg-fastganlite,0
tt_dataset/stylegan2_class1/seed5556.png,stylegan2,1
tt_dataset/real_class0/ernst-ludwig-kirchner_seated-lady-dodo.jpg,real,0
tt_dataset/real_class0/franz-kline_buttress-1956.jpg,real,0
tt_dataset/stylegan3_class1/seed7618.png,stylegan3,1
tt_dataset/real_class1/william-hogarth_the-importance-of-knowing-perspective-absurd-perspectives.jpg,real,1
tt_dataset/stylegan2_class0/seed3948.png,stylegan2,0
tt_dataset/real_class1/gulacsy-lajos_the-opium-smoker-s-dream-1918.jpg,real,1
tt_dataset/real_class0/kuzma-petrov-vodkin_mother-1919.jpg,real,0
tt_dataset/stylegan2_class1/seed6237.png,stylegan2,1
tt_dataset/pg-fastganlite_class1/seed10202.png,pg-fastganlite,1
tt_dataset/stylegan2_class0/seed2666.png,stylegan2,0
tt_dataset/real_class1/gosta-adrian-nilsson_composition-with-musical-instruments.jpg,real,1
tt_dataset/stylegan2_class0/seed2755.png,stylegan2,0
tt_dataset/pg-fastganlite_class0/seed1789.png,pg-fastganlite,0
tt_dataset/real_class1/josefa-de-obidos_pears-and-marasca-cherries-in-a-basket.jpg,real,1
tt_dataset/real_class1/mary-fedden_by-the-sea-1990.jpg,real,1
tt_dataset/pg-fastganlite_class0/seed1122.png,pg-fastganlite,0
tt_dataset/real_class1/walter-battiss_career-bird.jpg,real,1
tt_dataset/real_class1/eugene-boudin_venice-1895-1.jpg,real,1
tt_dataset/stylegan3_class1/seed7486.png,stylegan3,1
tt_dataset/stylegan2_class1/seed5438.png,stylegan2,1
tt_dataset/stylegan2_class1/seed6366.png,stylegan2,1
tt_dataset/real_class0/balthus_andre-derain-1936.jpg,real,0
tt_dataset/real_class1/paul-cezanne_house-and-farm-at-jas-de-bouffan-1887.jpg,real,1
tt_dataset/stylegan3_class1/seed7465.png,stylegan3,1
tt_dataset/stylegan3_class0/seed3121.png,stylegan3,0
tt_dataset/stylegan2_class1/seed6350.png,stylegan2,1
tt_dataset/real_class1/anders-zorn_gustav-v-1909.jpg,real,1
tt_dataset/stylegan2_class1/seed5243.png,stylegan2,1
tt_dataset/stylegan2_class1/seed5910.png,stylegan2,1
tt_dataset/real_class1/edgar-degas_woman-combing-her-hair-2.jpg,real,1
tt_dataset/real_class0/frans-snyders_head-of-medusa.jpg,real,0
tt_dataset/real_class0/peter-paul-rubens_martyrdom-of-st-thomas.jpg,real,0
tt_dataset/stylegan2_class0/seed3563.png,stylegan2,0
tt_dataset/real_class1/sergey-solomko_xvii-century.jpg,real,1
tt_dataset/stylegan2_class1/seed5571.png,stylegan2,1
tt_dataset/pg-fastganlite_class0/seed1560.png,pg-fastganlite,0
tt_dataset/stylegan2_class1/seed6114.png,stylegan2,1
tt_dataset/stylegan3_class1/seed7245.png,stylegan3,1
tt_dataset/pg-fastganlite_class0/seed1638.png,pg-fastganlite,0
tt_dataset/real_class0/juan-gris_man-in-the-cafe-1912.jpg,real,0
tt_dataset/real_class0/tsuguharu-foujita_dream-1947.jpg,real,0
tt_dataset/stylegan3_class1/seed7864.png,stylegan3,1
tt_dataset/real_class0/christo-coetzee_young-man-1951.jpg,real,0
tt_dataset/real_class1/raphael-kirchner_merci-ii-1916.jpg,real,1
tt_dataset/real_class0/alfred-sisley_snow-effect-at-louveciennes-1876.jpg,real,0
tt_dataset/stylegan3_class1/seed8431.png,stylegan3,1
tt_dataset/real_class0/camille-pissarro_picking-peas-1.jpg,real,0
tt_dataset/pg-fastganlite_class1/seed10857.png,pg-fastganlite,1
tt_dataset/stylegan2_class1/seed5818.png,stylegan2,1
tt_dataset/pg-fastganlite_class1/seed10005.png,pg-fastganlite,1
tt_dataset/real_class0/jacopo-pontormo_portrait-of-maria-salviati-with-giulia-de-medici.jpg,real,0
tt_dataset/stylegan3_class0/seed3830.png,stylegan3,0
tt_dataset/stylegan2_class1/seed5823.png,stylegan2,1
tt_dataset/pg-fastganlite_class0/seed1092.png,pg-fastganlite,0
tt_dataset/real_class0/egon-schiele_the-self-seers-death-and-man-1911.jpg,real,0
tt_dataset/real_class1/david-burliuk_gate-of-temple-in-japan-1921.jpg,real,1
tt_dataset/real_class0/joseph-wright_edwin-from-minstrel-by-dr-beattie.jpg,real,0
tt_dataset/real_class0/theodore-rousseau_the-avenue-of-chestnut-trees-1837.jpg,real,0
tt_dataset/real_class0/nikolai-ge_portrait-of-the-physiologist-moriz-schiff.jpg,real,0
tt_dataset/pg-fastganlite_class0/seed1736.png,pg-fastganlite,0
tt_dataset/pg-fastganlite_class0/seed1824.png,pg-fastganlite,0
tt_dataset/pg-fastganlite_class0/seed1541.png,pg-fastganlite,0
tt_dataset/stylegan3_class1/seed7294.png,stylegan3,1
tt_dataset/real_class1/pyotr-konchalovsky_gurzuf-cypresses-1929.jpg,real,1
tt_dataset/pg-fastganlite_class1/seed10801.png,pg-fastganlite,1
tt_dataset/real_class0/ramon-oviedo_forma-de-percusion(4).jpg,real,0
tt_dataset/real_class1/henri-de-toulouse-lautrec_dun-a-gordon-setter-belonging-to-comte-alphonse-de-toulouse-lautrec-1881.jpg,real,1
tt_dataset/real_class0/odilon-redon_a-funeral-mask-tolls-bell-1882.jpg,real,0
tt_dataset/stylegan2_class0/seed2463.png,stylegan2,0
tt_dataset/pg-fastganlite_class1/seed10609.png,pg-fastganlite,1
tt_dataset/real_class0/lovis-corinth_the-walchensee-silberweg-1923.jpg,real,0
tt_dataset/pg-fastganlite_class0/seed1758.png,pg-fastganlite,0
tt_dataset/stylegan2_class1/seed5587.png,stylegan2,1
tt_dataset/real_class1/james-tissot_michal-despises-david.jpg,real,1
tt_dataset/real_class1/rafael-zabaleta_two-seated-women-1935.jpg,real,1
tt_dataset/real_class1/edvard-munch_galloping-horse-1912.jpg,real,1
tt_dataset/stylegan3_class0/seed3184.png,stylegan3,0
tt_dataset/real_class1/john-everett-millais_lorenzo-and-isabella.jpg,real,1
tt_dataset/real_class1/pierre-auguste-renoir_cagnes-landscape-6.jpg,real,1
tt_dataset/stylegan3_class1/seed7137.png,stylegan3,1
tt_dataset/real_class0/henri-de-toulouse-lautrec_cassive-jeanne-hading.jpg,real,0
tt_dataset/pg-fastganlite_class1/seed10797.png,pg-fastganlite,1
tt_dataset/pg-fastganlite_class1/seed10873.png,pg-fastganlite,1
tt_dataset/stylegan3_class0/seed4909.png,stylegan3,0
tt_dataset/real_class1/petre-abrudan_andscape-from-baia-mare-with-buffalos.jpg,real,1
tt_dataset/pg-fastganlite_class0/seed1707.png,pg-fastganlite,0
tt_dataset/pg-fastganlite_class0/seed1348.png,pg-fastganlite,0
tt_dataset/real_class0/odilon-redon_i-have-sometimes-seen-in-the-sky-what-seemed-like-forms-of-spirits-plate-21-1896.jpg,real,0
tt_dataset/real_class0/augustus-john_madame-suggia-1923.jpg,real,0
tt_dataset/stylegan2_class1/seed5222.png,stylegan2,1
tt_dataset/stylegan3_class0/seed3900.png,stylegan3,0
tt_dataset/stylegan3_class0/seed3096.png,stylegan3,0
tt_dataset/pg-fastganlite_class0/seed1376.png,pg-fastganlite,0
tt_dataset/pg-fastganlite_class1/seed10290.png,pg-fastganlite,1
tt_dataset/real_class0/nicholas-roerich_mstislav-s-duel-with-rededia-1943.jpg,real,0
tt_dataset/stylegan2_class0/seed2001.png,stylegan2,0
tt_dataset/real_class0/mario-schifano_untitled-1961.jpg,real,0
tt_dataset/stylegan2_class1/seed5637.png,stylegan2,1
tt_dataset/stylegan2_class0/seed3323.png,stylegan2,0
tt_dataset/real_class0/yayoi-kusama_sunlight-1998.jpg,real,0
tt_dataset/stylegan2_class0/seed3732.png,stylegan2,0
tt_dataset/stylegan2_class0/seed2585.png,stylegan2,0
tt_dataset/stylegan2_class0/seed3203.png,stylegan2,0
tt_dataset/pg-fastganlite_class0/seed1181.png,pg-fastganlite,0
tt_dataset/pg-fastganlite_class1/seed10343.png,pg-fastganlite,1
tt_dataset/stylegan3_class1/seed8818.png,stylegan3,1
tt_dataset/pg-fastganlite_class1/seed10423.png,pg-fastganlite,1
tt_dataset/real_class1/titian_study-for-the-duke-of-urbino.jpg,real,1
tt_dataset/real_class0/viktor-vasnetsov_portrait-of-appolinary-vasnetsov-1872.jpg,real,0
tt_dataset/real_class0/eugene-boudin_bordeaux-the-port-1.jpg,real,0
tt_dataset/pg-fastganlite_class0/seed1650.png,pg-fastganlite,0
tt_dataset/real_class1/alfred-sisley_langland-bay-1872.jpg,real,1
tt_dataset/real_class0/nicolae-vermont_gipsy-woman-in-the-veranda-1920.jpg,real,0
tt_dataset/stylegan3_class1/seed7963.png,stylegan3,1
tt_dataset/real_class1/alfred-sisley_street-in-marly-1876.jpg,real,1
tt_dataset/real_class0/gustave-loiseau_the-auxerre-cathedral-1907-1.jpg,real,0
tt_dataset/real_class0/winslow-homer_the-gulf-stream.jpg,real,0
tt_dataset/real_class0/otto-dix_the-nun.jpg,real,0
tt_dataset/stylegan3_class0/seed4530.png,stylegan3,0
tt_dataset/pg-fastganlite_class0/seed1141.png,pg-fastganlite,0
tt_dataset/pg-fastganlite_class1/seed10251.png,pg-fastganlite,1
tt_dataset/real_class0/lucian-freud_bella-final-version-state-ii.jpg,real,0
tt_dataset/real_class1/pedro-calapez_cena-10-x-4-a-2000.jpg,real,1
tt_dataset/pg-fastganlite_class0/seed1626.png,pg-fastganlite,0
tt_dataset/stylegan3_class0/seed3865.png,stylegan3,0
tt_dataset/real_class1/serge-sudeikin_park-in-front-of-the-castle-design-for-swan-lake-by-tchaikovsky-1911.jpg,real,1
tt_dataset/real_class0/frans-snyders_the-fish-market-1618.jpg,real,0
tt_dataset/pg-fastganlite_class1/seed10051.png,pg-fastganlite,1
tt_dataset/real_class1/r.-b.-kitaj_marynka-smoking.jpg,real,1
tt_dataset/real_class0/nicholas-roerich_study-cry-of-the-serpent-1914.jpg,real,0
tt_dataset/real_class0/nicholas-roerich_yaroslavna-s-lament.jpg,real,0
tt_dataset/pg-fastganlite_class1/seed10853.png,pg-fastganlite,1
tt_dataset/stylegan3_class1/seed8388.png,stylegan3,1
tt_dataset/real_class0/theodoor-van-thulden_the-greeks-leave-after-fire-of-troy.jpg,real,0
tt_dataset/stylegan3_class0/seed4691.png,stylegan3,0
tt_dataset/stylegan3_class0/seed4779.png,stylegan3,0
tt_dataset/real_class0/james-tissot_the-prophet-jonah.jpg,real,0
tt_dataset/stylegan2_class0/seed3211.png,stylegan2,0
tt_dataset/real_class1/pieter-wenning_transvaal-evening-nelspruit.jpg,real,1
tt_dataset/real_class0/marc-chagall_david-1956-1.jpg,real,0
tt_dataset/stylegan3_class1/seed7691.png,stylegan3,1
tt_dataset/pg-fastganlite_class0/seed1174.png,pg-fastganlite,0
tt_dataset/stylegan3_class0/seed4648.png,stylegan3,0
tt_dataset/real_class0/jean-honore-fragonard_the-storm.jpg,real,0
tt_dataset/real_class1/nicholas-roerich_hommage-to-saint-john-the-baptist-1912.jpg,real,1
tt_dataset/stylegan2_class0/seed3266.png,stylegan2,0
tt_dataset/real_class0/lucian-freud_hotel-bedroom.jpg,real,0
tt_dataset/real_class1/vasily-tropinin_guitarist-1823.jpg,real,1
tt_dataset/stylegan3_class1/seed7816.png,stylegan3,1
tt_dataset/real_class1/maurice-utrillo_lapin-agile-2.jpg,real,1
tt_dataset/stylegan3_class0/seed4568.png,stylegan3,0
tt_dataset/real_class0/eugene-boudin_fields-in-fervaques-1874.jpg,real,0
tt_dataset/stylegan3_class1/seed7349.png,stylegan3,1
tt_dataset/real_class0/theodor-aman_uniting-of-the-principalities-1857.jpg,real,0
tt_dataset/real_class0/gustave-loiseau_village-on-the-hill.jpg,real,0
tt_dataset/stylegan2_class1/seed5657.png,stylegan2,1
tt_dataset/stylegan3_class0/seed4833.png,stylegan3,0
tt_dataset/stylegan2_class0/seed3200.png,stylegan2,0
tt_dataset/stylegan2_class1/seed5204.png,stylegan2,1
tt_dataset/real_class1/jean-metzinger_paysage-aux-deux-cypr-s-1905.jpg,real,1
tt_dataset/stylegan2_class0/seed2981.png,stylegan2,0
tt_dataset/real_class0/hieronymus-bosch_not_detected_195351.jpg,real,0
tt_dataset/stylegan3_class1/seed8865.png,stylegan3,1
tt_dataset/stylegan3_class0/seed3526.png,stylegan3,0
tt_dataset/stylegan3_class1/seed7531.png,stylegan3,1
tt_dataset/real_class0/dosso-dossi_portrait-of-a-man-probably-cesare-borgia-1520.jpg,real,0
tt_dataset/stylegan3_class0/seed4582.png,stylegan3,0
tt_dataset/real_class0/pablo-picasso_old-blind-man-with-boy-1903.jpg,real,0
tt_dataset/stylegan3_class1/seed7224.png,stylegan3,1
tt_dataset/real_class1/janet-fish_blue-decanter-polka-dot-bowl-suzani-2009.jpg,real,1
tt_dataset/real_class0/george-bouzianis_old-woman-with-red-scarf(2).jpg,real,0
tt_dataset/stylegan2_class1/seed5712.png,stylegan2,1
tt_dataset/stylegan2_class0/seed2061.png,stylegan2,0
tt_dataset/stylegan3_class0/seed3272.png,stylegan3,0
tt_dataset/real_class1/maurice-de-vlaminck_the-gardener.jpg,real,1
tt_dataset/stylegan2_class0/seed3799.png,stylegan2,0
tt_dataset/real_class0/gustave-dore_don-quixote-90.jpg,real,0
tt_dataset/stylegan2_class1/seed6132.png,stylegan2,1
tt_dataset/pg-fastganlite_class1/seed10282.png,pg-fastganlite,1
tt_dataset/stylegan2_class1/seed5195.png,stylegan2,1
tt_dataset/pg-fastganlite_class1/seed10366.png,pg-fastganlite,1
tt_dataset/real_class1/zinaida-serebriakova_girl-in-pink-1932.jpg,real,1
tt_dataset/real_class0/michelangelo_ignudo-11.jpg,real,0
tt_dataset/real_class1/vladimir-makovsky_midday-sun-1881.jpg,real,1
tt_dataset/real_class1/isaac-levitan_three-pines-1886.jpg,real,1
tt_dataset/real_class0/lucian-freud_eight-months-gone.jpg,real,0
tt_dataset/real_class0/francisco-goya_truth-has-died-1814.jpg,real,0
tt_dataset/real_class1/ilya-repin_manifestation-october-17-1905-1907.jpg,real,1
tt_dataset/stylegan3_class1/seed8172.png,stylegan3,1
tt_dataset/real_class1/gerard-fromanger_violet-de-mars-1972.jpg,real,1
tt_dataset/real_class0/rembrandt_rembrandt-s-mother-in-a-black-dress-as-small-upright-print-1631.jpg,real,0
tt_dataset/real_class0/koloman-moser_picture-book-for-the-niece-of-ditha-mautner-von-markhof-1904-9.jpg,real,0
tt_dataset/stylegan3_class1/seed8161.png,stylegan3,1
tt_dataset/stylegan2_class0/seed3704.png,stylegan2,0
tt_dataset/stylegan3_class0/seed4041.png,stylegan3,0
tt_dataset/real_class1/alexey-venetsianov_girl-in-a-kerchief.jpg,real,1
tt_dataset/real_class1/camille-corot_bologne-sur-mer-view-from-the-high-cliffs-1860.jpg,real,1
tt_dataset/stylegan2_class1/seed6196.png,stylegan2,1
tt_dataset/real_class0/jan-provoost_crucifixion-2.jpg,real,0
tt_dataset/pg-fastganlite_class0/seed1567.png,pg-fastganlite,0
tt_dataset/real_class0/oswaldo-guayasamin_from-la-edad-de-la-ternura-series.jpg,real,0
tt_dataset/pg-fastganlite_class1/seed10175.png,pg-fastganlite,1
tt_dataset/stylegan3_class1/seed8576.png,stylegan3,1
tt_dataset/stylegan2_class0/seed3460.png,stylegan2,0
tt_dataset/pg-fastganlite_class1/seed10062.png,pg-fastganlite,1
tt_dataset/real_class1/edgar-degas_place-de-la-concorde-1875.jpg,real,1
tt_dataset/real_class0/lovis-corinth_self-portrait-in-a-black-hat-1911.jpg,real,0
tt_dataset/real_class0/caravaggio_ecce-homo(1).jpg,real,0
tt_dataset/stylegan3_class0/seed4401.png,stylegan3,0
tt_dataset/pg-fastganlite_class1/seed10578.png,pg-fastganlite,1
tt_dataset/real_class1/m.-h.-maxy_market-1920.jpg,real,1
tt_dataset/real_class1/jimmy-ernst_epilogue-1974.jpg,real,1
tt_dataset/real_class0/arshile-gorky_portrait-of-myself-and-my-imaginary-wife.jpg,real,0
tt_dataset/stylegan2_class0/seed3510.png,stylegan2,0
tt_dataset/real_class1/william-james-glackens_the-drive-central-park-1905.jpg,real,1
tt_dataset/stylegan3_class1/seed7946.png,stylegan3,1
tt_dataset/stylegan3_class1/seed7736.png,stylegan3,1
tt_dataset/real_class0/martin-schongauer_holy-antonius.jpg,real,0
tt_dataset/stylegan3_class0/seed3631.png,stylegan3,0
tt_dataset/pg-fastganlite_class0/seed1900.png,pg-fastganlite,0
tt_dataset/pg-fastganlite_class0/seed1091.png,pg-fastganlite,0
tt_dataset/real_class1/katsushika-hokusai_the-tea-plantation-of-katakura-in-the-suruga-province.jpg,real,1
tt_dataset/pg-fastganlite_class1/seed10498.png,pg-fastganlite,1
tt_dataset/pg-fastganlite_class1/seed10490.png,pg-fastganlite,1
tt_dataset/real_class0/vincent-van-gogh_vase-with-daisies-1887.jpg,real,0
tt_dataset/real_class0/jackson-pollock_the-she-wolf(1).jpg,real,0
tt_dataset/real_class1/maurice-utrillo_little-communicant-church-of-mourning.jpg,real,1
tt_dataset/real_class1/jan-matejko_feast-wierzynek.jpg,real,1
tt_dataset/stylegan2_class0/seed3619.png,stylegan2,0
tt_dataset/stylegan3_class1/seed7423.png,stylegan3,1
tt_dataset/stylegan2_class1/seed6806.png,stylegan2,1
tt_dataset/pg-fastganlite_class0/seed1776.png,pg-fastganlite,0
tt_dataset/real_class0/marc-chagall_striking-the-rock-1.jpg,real,0
tt_dataset/stylegan2_class0/seed3382.png,stylegan2,0
tt_dataset/real_class1/maurice-prendergast_the-east-river.jpg,real,1
tt_dataset/real_class1/volodymyr-orlovsky_in-italy-1876.jpg,real,1
tt_dataset/real_class1/gustave-moreau_the-muses-leaving-their-father-apollo-to-go-out-and-light-the-world-1868.jpg,real,1
tt_dataset/pg-fastganlite_class0/seed1065.png,pg-fastganlite,0
tt_dataset/real_class1/leon-bakst_cleopatre-a-dancer-1909.jpg,real,1
tt_dataset/real_class1/claude-monet_garden-at-sainte-adresse.jpg,real,1
tt_dataset/real_class0/ivan-aivazovsky_malakhov-hill-1893.jpg,real,0
tt_dataset/stylegan2_class0/seed2507.png,stylegan2,0
tt_dataset/pg-fastganlite_class0/seed1142.png,pg-fastganlite,0
tt_dataset/stylegan3_class0/seed3453.png,stylegan3,0
tt_dataset/stylegan2_class1/seed6682.png,stylegan2,1
tt_dataset/real_class1/jan-provoost_virgin-and-child-1.jpg,real,1
tt_dataset/pg-fastganlite_class0/seed1946.png,pg-fastganlite,0
tt_dataset/pg-fastganlite_class0/seed1927.png,pg-fastganlite,0
tt_dataset/stylegan3_class1/seed8428.png,stylegan3,1
tt_dataset/stylegan3_class0/seed3740.png,stylegan3,0
tt_dataset/real_class1/eugene-delacroix_self-portrait-as-hamlet-1821.jpg,real,1
tt_dataset/stylegan2_class0/seed2476.png,stylegan2,0
tt_dataset/real_class0/vincent-van-gogh_torso-of-venus-1887-4.jpg,real,0
tt_dataset/real_class0/ernst-ludwig-kirchner_self-portrait-4.jpg,real,0
tt_dataset/real_class1/giovanni-fattori_pferd-vor-einem-wagen-1890.jpg,real,1
tt_dataset/stylegan3_class0/seed3683.png,stylegan3,0
tt_dataset/real_class1/sir-lawrence-alma-tadema_portrait-of-the-singer-george-henschel-1879.jpg,real,1
tt_dataset/stylegan2_class1/seed5647.png,stylegan2,1
tt_dataset/real_class0/marc-chagall_they-were-in-forty-pairs-1948.jpg,real,0
tt_dataset/real_class0/vincent-van-gogh_idol-and-sketches-of-venus.jpg,real,0
tt_dataset/stylegan3_class1/seed7321.png,stylegan3,1
tt_dataset/stylegan2_class0/seed2683.png,stylegan2,0
tt_dataset/real_class1/raphael-kirchner_greek-virgins-1900-1.jpg,real,1
tt_dataset/real_class0/salvador-dali_mohammed-s-dream-homage-to-fortuny.jpg,real,0
tt_dataset/stylegan3_class0/seed3447.png,stylegan3,0
tt_dataset/real_class1/henri-fantin-latour_still-life-hyacinths-and-fruit-1865.jpg,real,1
tt_dataset/real_class1/james-tissot_older-sister-1.jpg,real,1
tt_dataset/stylegan3_class1/seed8819.png,stylegan3,1
tt_dataset/real_class0/jan-steen_doctor-s-visit-1670.jpg,real,0
tt_dataset/real_class1/vincent-van-gogh_daubigny-s-garden-1890-2(1).jpg,real,1
tt_dataset/real_class0/george-bouzianis_ksaplwth-gunaika-1930.jpg,real,0
tt_dataset/real_class1/edwin-henry-landseer_a-highland-breakfast.jpg,real,1
tt_dataset/real_class1/julius-leblanc-stewart_a-toast-1896(1).jpg,real,1
tt_dataset/pg-fastganlite_class0/seed1022.png,pg-fastganlite,0
tt_dataset/pg-fastganlite_class1/seed10793.png,pg-fastganlite,1
tt_dataset/stylegan2_class1/seed5463.png,stylegan2,1
tt_dataset/pg-fastganlite_class1/seed10339.png,pg-fastganlite,1
tt_dataset/stylegan2_class1/seed5764.png,stylegan2,1
tt_dataset/real_class1/nicholas-roerich_pen-drawing-of-two-idols-in-his-letter-to-v-stasov-1901.jpg,real,1
tt_dataset/real_class1/george-catlin_the-white-cloud-head-chief-of-the-iowa-1845.jpg,real,1
tt_dataset/real_class0/ilya-mashkov_portrait-of-a-woman-minsk-1908.jpg,real,0
tt_dataset/stylegan3_class1/seed7966.png,stylegan3,1
tt_dataset/real_class0/vincent-van-gogh_memory-of-the-garden-at-etten-1888.jpg,real,0
tt_dataset/stylegan2_class1/seed6556.png,stylegan2,1
tt_dataset/stylegan2_class0/seed2282.png,stylegan2,0
tt_dataset/pg-fastganlite_class0/seed1906.png,pg-fastganlite,0
tt_dataset/stylegan3_class0/seed4643.png,stylegan3,0
tt_dataset/real_class1/childe-hassam_hill-of-the-sun-san-anselmo-california.jpg,real,1
tt_dataset/pg-fastganlite_class1/seed10286.png,pg-fastganlite,1
tt_dataset/pg-fastganlite_class0/seed1908.png,pg-fastganlite,0
tt_dataset/real_class0/fyodor-vasilyev_autumn.jpg,real,0
tt_dataset/stylegan2_class1/seed5055.png,stylegan2,1
tt_dataset/pg-fastganlite_class0/seed1653.png,pg-fastganlite,0
tt_dataset/real_class0/otto-dix_warrior-with-a-pipe.jpg,real,0
tt_dataset/real_class0/james-tissot_the-ruins-inner-voices-1885.jpg,real,0
tt_dataset/stylegan2_class0/seed2738.png,stylegan2,0
tt_dataset/stylegan2_class0/seed2097.png,stylegan2,0
tt_dataset/pg-fastganlite_class0/seed1678.png,pg-fastganlite,0
tt_dataset/real_class0/juan-gris_two-pierrots-1922.jpg,real,0
tt_dataset/real_class1/henri-catargi_still-life-1937.jpg,real,1
tt_dataset/real_class0/andre-derain_portrait-of-a-woman.jpg,real,0
tt_dataset/real_class0/lyonel-feininger_on-the-bridge-ober-weimar-1913.jpg,real,0
tt_dataset/stylegan3_class0/seed4622.png,stylegan3,0
tt_dataset/real_class1/camille-pissarro_farmyard-in-pontoise-1874.jpg,real,1
tt_dataset/real_class0/perle-fine_cool-series-no-1-red-over-white-1963.jpg,real,0
tt_dataset/pg-fastganlite_class0/seed1176.png,pg-fastganlite,0
tt_dataset/real_class1/boris-kustodiev_fair-1908.jpg,real,1
tt_dataset/pg-fastganlite_class0/seed1095.png,pg-fastganlite,0
tt_dataset/real_class1/david-teniers-the-younger_members-of-antwerp-town-council-and-masters-of-the-armaments-guild-1643.jpg,real,1
tt_dataset/real_class0/maurice-utrillo_house-of-mimi-pinson.jpg,real,0
tt_dataset/stylegan3_class0/seed3164.png,stylegan3,0
tt_dataset/stylegan2_class0/seed2971.png,stylegan2,0
tt_dataset/real_class0/emily-carr_vanquished-1931.jpg,real,0
tt_dataset/stylegan2_class0/seed2162.png,stylegan2,0
tt_dataset/real_class0/cy-twombly_untitled-1.jpg,real,0
tt_dataset/real_class1/pieter-de-hooch_a-woman-and-a-child-on-a-bleichwiese.jpg,real,1
tt_dataset/real_class1/edward-hopper_study-of-a-standing-woman.jpg,real,1
tt_dataset/pg-fastganlite_class0/seed1672.png,pg-fastganlite,0
tt_dataset/real_class0/gustave-dore_burying-the-dead-after-the-battle-of-dorylaeum.jpg,real,0
tt_dataset/stylegan2_class1/seed6467.png,stylegan2,1
tt_dataset/pg-fastganlite_class0/seed1716.png,pg-fastganlite,0
tt_dataset/real_class0/bartolome-esteban-murillo_old-woman-with-distaff.jpg,real,0
tt_dataset/real_class1/aelbert-cuyp_orpheus-with-animals-in-a-landscape.jpg,real,1
tt_dataset/real_class1/claude-monet_winter-on-the-seine-lavacourt-1880.jpg,real,1
tt_dataset/stylegan3_class0/seed3739.png,stylegan3,0
tt_dataset/real_class1/micaela-eleutheriade_dealuri-la-balcic.jpg,real,1
tt_dataset/stylegan2_class0/seed3763.png,stylegan2,0
tt_dataset/stylegan2_class0/seed2982.png,stylegan2,0
tt_dataset/real_class1/william-james-glackens_poppies-lilies-and-blue-flowers.jpg,real,1
tt_dataset/pg-fastganlite_class0/seed1982.png,pg-fastganlite,0
tt_dataset/stylegan2_class1/seed6567.png,stylegan2,1
tt_dataset/real_class0/maurice-denis_bretons.jpg,real,0
tt_dataset/stylegan2_class0/seed2728.png,stylegan2,0
tt_dataset/real_class0/mikalojus-ciurlionis_angel-angel-prelude-1909(1).jpg,real,0
tt_dataset/stylegan3_class0/seed3527.png,stylegan3,0
tt_dataset/pg-fastganlite_class1/seed10499.png,pg-fastganlite,1
tt_dataset/stylegan2_class0/seed2932.png,stylegan2,0
tt_dataset/stylegan2_class0/seed2526.png,stylegan2,0
tt_dataset/real_class0/ivan-aivazovsky_nocturnal-voyage.jpg,real,0
tt_dataset/real_class1/ilya-mashkov_still-life-with-wreaths-apples-and-plums-1914.jpg,real,1
tt_dataset/stylegan3_class1/seed8889.png,stylegan3,1
tt_dataset/stylegan3_class0/seed3871.png,stylegan3,0
tt_dataset/real_class0/pyotr-konchalovsky_the-woman-in-front-of-a-mirror-1921-1.jpg,real,0
tt_dataset/real_class0/mario-schifano_interno-esterno-1976.jpg,real,0
tt_dataset/stylegan3_class0/seed4069.png,stylegan3,0
tt_dataset/stylegan2_class0/seed3605.png,stylegan2,0
tt_dataset/real_class1/claude-lorrain_pastoral-landscape-1677.jpg,real,1
tt_dataset/real_class0/camille-corot_children-beside-a-brook-in-the-countryside-lormes.jpg,real,0
tt_dataset/real_class1/el-greco_the-burial-of-the-count-of-orgaz-1587.jpg,real,1
tt_dataset/pg-fastganlite_class1/seed10606.png,pg-fastganlite,1
tt_dataset/pg-fastganlite_class0/seed1840.png,pg-fastganlite,0
tt_dataset/real_class1/antoine-watteau_cajoler-1708.jpg,real,1
tt_dataset/stylegan3_class1/seed7639.png,stylegan3,1
tt_dataset/real_class0/marc-chagall_abraham-is-going-to-sacrifice-his-son-according-to-the-order-of-god-genesis-xxii-9-14.jpg,real,0
tt_dataset/stylegan2_class1/seed6715.png,stylegan2,1
tt_dataset/real_class1/adam-baltatu_view-towards-balcic.jpg,real,1
tt_dataset/real_class1/richard-hamilton_interior-ii-1964.jpg,real,1
tt_dataset/real_class0/edvard-munch_vampire-1895.jpg,real,0
tt_dataset/real_class1/lucian-freud_the-painter-s-mother-iii-1972.jpg,real,1
tt_dataset/real_class1/david-burliuk_dniester-river-rapids.jpg,real,1
tt_dataset/stylegan3_class0/seed3563.png,stylegan3,0
tt_dataset/stylegan2_class0/seed2371.png,stylegan2,0
tt_dataset/stylegan3_class1/seed7093.png,stylegan3,1
tt_dataset/real_class0/barnett-newman_the-station-of-the-cross-first-station-1958.jpg,real,0
tt_dataset/real_class0/rembrandt_the-anatomy-lesson-of-dr-nicolaes-tulp-fragment-1632.jpg,real,0
tt_dataset/pg-fastganlite_class1/seed10216.png,pg-fastganlite,1
tt_dataset/real_class0/caspar-david-friedrich_owl-on-a-grave-1837.jpg,real,0
tt_dataset/real_class0/nicholas-roerich_old-town.jpg,real,0
tt_dataset/pg-fastganlite_class1/seed10511.png,pg-fastganlite,1
tt_dataset/stylegan2_class1/seed5171.png,stylegan2,1
tt_dataset/stylegan2_class0/seed2027.png,stylegan2,0
tt_dataset/real_class1/pyotr-konchalovsky_still-life-lilacs-in-a-bucket-on-the-floor-1948.jpg,real,1
tt_dataset/real_class1/koloman-moser_poster-for-prince-richard-metternich-1899.jpg,real,1
tt_dataset/real_class1/franz-stuck_autumn-evening.jpg,real,1
tt_dataset/real_class1/pyotr-konchalovsky_novgorod-st-george-s-monastery-1925.jpg,real,1
tt_dataset/real_class1/franz-marc_the-large-blue-horses-1911.jpg,real,1
tt_dataset/real_class0/ilya-repin_sleeping-cossack-1914.jpg,real,0
tt_dataset/real_class0/gustave-dore_the-inferno-canto-21.jpg,real,0
tt_dataset/real_class0/hubert-robert_the-fire-of-rome-18-july-64-ad.jpg,real,0
tt_dataset/real_class1/claude-monet_palazzo-dario-1908.jpg,real,1
tt_dataset/real_class1/m.c.-escher_snow.jpg,real,1
tt_dataset/real_class0/pablo-picasso_portrait-de-femme-en-buste-1924.jpg,real,0
tt_dataset/stylegan2_class0/seed2264.png,stylegan2,0
tt_dataset/pg-fastganlite_class0/seed1462.png,pg-fastganlite,0
tt_dataset/real_class0/cy-twombly_solon-i.jpg,real,0
tt_dataset/stylegan3_class1/seed7058.png,stylegan3,1
tt_dataset/pg-fastganlite_class1/seed10060.png,pg-fastganlite,1
tt_dataset/pg-fastganlite_class1/seed10730.png,pg-fastganlite,1
tt_dataset/real_class1/henri-fantin-latour_the-corner-of-the-table-1872.jpg,real,1
tt_dataset/real_class0/fyodor-vasilyev_volga-lagoon.jpg,real,0
tt_dataset/real_class0/frank-stella_untitled-abstraction-1956.jpg,real,0
tt_dataset/stylegan3_class1/seed7378.png,stylegan3,1
tt_dataset/stylegan2_class1/seed5733.png,stylegan2,1
